image,shape,mesh-resolution,scaling,max-edge-factor,outer-edge-factor,offset-inner-factor,offset-outer-factor,prior-range-prob,prior-range-lower,prior-sigma-prob,prior-sigma-upper,ssim,mse,mean_residual,sigma
combined_cube.fits[0],none,20,log,8,1.2,0.1,1.0,0.1,1.0,0.1,2.0,0.4121,4057691.065004656,-1.2432717281588634,358.1713685985415
combined_cube.fits[0],none,20,log,8,1.2,0.1,1.0,0.1,1.0,0.1,3.0,0.3692,5253063.25080709,-2.508842059861811,466.6633765110667
combined_cube.fits[0],none,20,log,8,1.2,0.1,1.0,0.1,1.0,0.2,1.0,0.325,7183760.570983017,-15.062678275804426,1403.2080699381406
combined_cube.fits[0],none,20,log,8,1.2,0.1,1.0,0.1,1.0,0.2,2.0,0.3604,5577190.6190608675,-2.9869653844307282,497.26856624391456
combined_cube.fits[0],none,20,log,8,1.2,0.1,1.0,0.1,1.0,0.2,3.0,0.4092,4139155.4937879317,-1.2754959152665932,363.2625080975708
combined_cube.fits[0],none,20,log,8,1.2,0.1,1.0,0.1,2.0,0.1,2.0,0.4169,3868856.89372973,-1.306965497404812,354.3828073948155
combined_cube.fits[0],none,20,log,8,1.2,0.1,1.0,0.1,2.0,0.2,1.0,0.4432,3302712.2221826217,-0.9485875108214559,313.0325578189366
combined_cube.fits[0],none,20,log,8,1.2,0.1,1.0,0.1,2.0,0.2,2.0,0.4054,4015409.0584832644,-1.9185891824618648,392.57771418391695
combined_cube.fits[0],none,20,log,8,1.2,0.1,1.0,0.1,2.0,0.2,3.0,0.436,3513816.408206498,-0.885391402061858,313.87406265205647
combined_cube.fits[0],none,20,log,8,1.2,0.1,1.0,0.1,5.0,0.1,1.0,0.464,2903120.9373129895,-0.7844857545958166,288.8952042642578
combined_cube.fits[0],none,20,log,8,1.2,0.1,1.0,0.1,5.0,0.1,2.0,0.4714,2899061.7166675115,-0.4156547900469852,261.4476658858989
combined_cube.fits[0],none,20,log,8,1.2,0.1,1.0,0.1,5.0,0.1,3.0,0.5712,1623265.106288628,-0.006692907339512786,197.6581471362579
combined_cube.fits[0],none,20,log,8,1.2,0.1,1.0,0.1,5.0,0.2,2.0,0.6651,988669.0649570128,-0.06608581616617065,195.6551693717288
combined_cube.fits[0],none,20,log,8,1.2,0.1,1.0,0.1,5.0,0.2,3.0,0.4487,3349197.862083791,-0.6006351569460877,289.9827333498256
combined_cube.fits[0],none,20,log,8,1.2,0.1,1.0,0.2,1.0,0.1,1.0,0.3192,7998659.487780264,-9.616301260003715,932.6155805313263
combined_cube.fits[0],none,20,log,8,1.2,0.1,1.0,0.2,1.0,0.1,2.0,0.3578,5693361.726875605,-3.1081541019133745,505.8412104164034
combined_cube.fits[0],none,20,log,8,1.2,0.1,1.0,0.2,1.0,0.1,3.0,0.4209,3928184.405156127,-0.9685399571935298,334.1103763060915
combined_cube.fits[0],none,20,log,8,1.2,0.1,1.0,0.2,1.0,0.2,1.0,0.3375,6685444.584155978,-5.806965982036778,665.4657649015918
combined_cube.fits[0],none,20,log,8,1.2,0.1,1.0,0.2,1.0,0.2,2.0,0.3665,5323394.580562139,-2.759333927268833,479.8434416053489
combined_cube.fits[0],none,20,log,8,1.2,0.1,1.0,0.2,1.0,0.2,3.0,0.3601,5564837.869249275,-3.1772810748597133,504.6488578749767
combined_cube.fits[0],none,20,log,8,1.2,0.1,1.0,0.2,2.0,0.1,1.0,0.3871,4478275.762203761,-2.6620728052430573,447.28318326872744
combined_cube.fits[0],none,20,log,8,1.2,0.1,1.0,0.2,2.0,0.1,2.0,0.428,3604954.4555872497,-1.1680266180208279,337.1411514796657
combined_cube.fits[0],none,20,log,8,1.2,0.1,1.0,0.2,2.0,0.1,3.0,0.4635,2982031.487675744,-0.5772873581971917,273.6796839964238
combined_cube.fits[0],none,20,log,8,1.2,0.1,1.0,0.2,2.0,0.2,1.0,0.3014,9606776.185698532,-17.08158344389906,1519.359952998196
combined_cube.fits[0],none,20,log,8,1.2,0.1,1.0,0.2,2.0,0.2,2.0,0.3968,4266525.141155261,-2.0365056092254528,406.72384382978
combined_cube.fits[0],none,20,log,8,1.2,0.1,1.0,0.2,2.0,0.2,3.0,0.4251,3862900.7251458014,-0.8755949245758899,326.1966152225764
combined_cube.fits[0],none,20,log,8,1.2,0.1,1.0,0.2,5.0,0.1,1.0,0.4359,3300025.1762014558,-1.5309917076323976,351.1741694432424
combined_cube.fits[0],none,20,log,8,1.2,0.1,1.0,0.2,5.0,0.1,2.0,0.5752,1577728.4565363312,-0.11397852307466093,206.56365340088067
combined_cube.fits[0],none,20,log,8,1.2,0.1,1.0,0.2,5.0,0.1,3.0,0.4254,3819673.9693125645,-0.905735304253863,325.52980021532807
combined_cube.fits[0],none,20,log,8,1.2,0.1,1.0,0.2,5.0,0.2,1.0,0.5223,2032835.1479566384,-0.8001504456409778,273.3066154423623
combined_cube.fits[0],none,20,log,8,1.2,0.1,1.0,0.2,5.0,0.2,2.0,0.6361,1154505.7433566898,0.16893198737587176,177.6567566942556
combined_cube.fits[0],none,20,log,8,1.2,0.1,1.0,0.2,5.0,0.2,3.0,0.5802,1523848.0190807732,-0.2813508238993564,219.99072400640986
combined_cube.fits[0],none,20,log,8,1.2,0.1,2.0,0.1,1.0,0.1,1.0,0.3258,7346276.452370252,-6.864052414017917,737.6718732639066
combined_cube.fits[0],none,20,log,8,1.2,0.1,2.0,0.1,1.0,0.1,2.0,0.4254,3568677.0058385395,-1.364735705454356,346.2712285572735
combined_cube.fits[0],none,20,log,8,1.2,0.1,2.0,0.1,1.0,0.1,3.0,0.3889,4627855.08645824,-1.6669815614304597,401.2057640749462
combined_cube.fits[0],none,20,log,8,1.2,0.1,2.0,0.1,1.0,0.2,1.0,0.3433,6268802.361202828,-4.292866529008429,571.6522396754575
combined_cube.fits[0],none,20,log,8,1.2,0.1,2.0,0.1,1.0,0.2,2.0,0.3265,7289047.33749821,-6.844021534397033,735.5781787863654
combined_cube.fits[0],none,20,log,8,1.2,0.1,2.0,0.1,1.0,0.2,3.0,0.3938,4537843.239801756,-1.474021636895304,388.1614970689846
combined_cube.fits[0],none,20,log,8,1.2,0.1,2.0,0.1,2.0,0.1,1.0,0.4993,2386959.848673162,-0.40764987717936946,244.46817182105218
combined_cube.fits[0],none,20,log,8,1.2,0.1,2.0,0.1,2.0,0.1,2.0,0.3448,6182697.861775524,-4.199897739622173,564.85199460708
combined_cube.fits[0],none,20,log,8,1.2,0.1,2.0,0.1,2.0,0.1,3.0,0.4343,3532837.861226118,-0.8616104859066536,310.58855576154775
combined_cube.fits[0],none,20,log,8,1.2,0.1,2.0,0.1,2.0,0.2,1.0,0.3453,6084444.584834332,-5.20230085037827,619.8610067767935
combined_cube.fits[0],none,20,log,8,1.2,0.1,2.0,0.1,2.0,0.2,3.0,0.3638,5398710.568303216,-2.6018931112663775,473.1305797079522
combined_cube.fits[0],none,20,log,8,1.2,0.1,2.0,0.1,5.0,0.1,1.0,0.4419,3718168.74405669,-0.7736302209126449,331.2549781978869
combined_cube.fits[0],none,20,log,8,1.2,0.1,2.0,0.1,5.0,0.1,2.0,0.7808,541018.774524523,0.3929897638517575,157.8959283358476
combined_cube.fits[0],none,20,log,8,1.2,0.1,2.0,0.1,5.0,0.1,3.0,0.7292,718444.1483116484,0.4368620723314705,157.58012443845513
combined_cube.fits[0],none,20,log,8,1.2,0.1,2.0,0.1,5.0,0.2,1.0,0.461,2853567.3095623143,-1.1515269005543343,313.6136246074796
combined_cube.fits[0],none,20,log,8,1.2,0.1,2.0,0.1,5.0,0.2,2.0,0.6488,1090618.0255666187,0.2152410305841297,173.07050838412675
combined_cube.fits[0],none,20,log,8,1.2,0.1,2.0,0.2,1.0,0.1,1.0,0.3083,8745519.440525016,-12.687881901467435,1168.2363161471603
combined_cube.fits[0],none,20,log,8,1.2,0.1,2.0,0.2,1.0,0.1,2.0,0.3907,4570211.433516263,-1.6417899763031791,397.400418668372
combined_cube.fits[0],none,20,log,8,1.2,0.1,2.0,0.2,1.0,0.1,3.0,0.4035,4201083.075654115,-1.4218740317377865,370.67030303259713
combined_cube.fits[0],none,20,log,8,1.2,0.1,2.0,0.2,1.0,0.2,3.0,0.4003,4436279.374667775,-1.2363626870619708,370.94864285036743
combined_cube.fits[0],none,20,log,8,1.2,0.1,2.0,0.2,2.0,0.1,1.0,0.3787,4759762.134979041,-2.5428115994102765,447.146318086243
combined_cube.fits[0],none,20,log,8,1.2,0.1,2.0,0.2,2.0,0.1,2.0,0.4331,3442762.561947121,-1.1595622713443954,329.7001806610047
combined_cube.fits[0],none,20,log,8,1.2,0.1,2.0,0.2,2.0,0.1,3.0,0.4157,3904373.9548911788,-1.2115856592593677,348.0056416303082
combined_cube.fits[0],none,20,log,8,1.2,0.1,2.0,0.2,2.0,0.2,1.0,0.9716,248541.1100566722,0.034656026899120965,205.68051497314946
combined_cube.fits[0],none,20,log,8,1.2,0.1,2.0,0.2,2.0,0.2,2.0,0.4398,3757927.154392013,-0.8044923887440026,337.1077668568997
combined_cube.fits[0],none,20,log,8,1.2,0.1,2.0,0.2,2.0,0.2,3.0,0.4376,3534301.0945164403,-0.7027283053481995,299.157512682176
combined_cube.fits[0],none,20,log,8,1.2,0.1,2.0,0.2,5.0,0.1,1.0,0.5007,2275253.327454038,-0.9608181878762371,289.2078770028463
combined_cube.fits[0],none,20,log,8,1.2,0.1,2.0,0.2,5.0,0.1,2.0,0.4869,2600763.2286547087,-0.33217068204524763,242.40125952295395
combined_cube.fits[0],none,20,log,8,1.2,0.1,2.0,0.2,5.0,0.1,3.0,0.5735,1605341.5221103125,-0.027121565034399928,198.70972360670083
combined_cube.fits[0],none,20,log,8,1.2,0.1,2.0,0.2,5.0,0.2,2.0,0.4293,3669586.084496204,-0.868048580993245,315.2591974122418
combined_cube.fits[0],none,20,log,8,1.2,0.1,2.0,0.2,5.0,0.2,3.0,0.7167,787153.7901414989,0.48451502585958917,160.5213510393035
combined_cube.fits[0],none,20,log,8,1.2,0.1,3.0,0.1,1.0,0.1,1.0,0.3377,6564563.712190008,-5.111961092250719,621.4165292409878
combined_cube.fits[0],none,20,log,8,1.2,0.1,3.0,0.1,1.0,0.1,2.0,0.3446,6204908.268372696,-4.11119143442037,561.2098825160925
combined_cube.fits[0],none,20,log,8,1.2,0.1,3.0,0.1,1.0,0.1,3.0,0.4339,3564535.6860561585,-0.8185232132186332,307.93980273036163
combined_cube.fits[0],none,20,log,8,1.2,0.1,3.0,0.1,1.0,0.2,2.0,0.3549,5728141.157588267,-3.2212135599396894,508.96994112893844
combined_cube.fits[0],none,20,log,8,1.2,0.1,3.0,0.1,1.0,0.2,3.0,0.3999,4410237.406246701,-1.3004690711365945,373.7172594565297
combined_cube.fits[0],none,20,log,8,1.2,0.1,3.0,0.1,2.0,0.1,1.0,0.3387,6457766.955828236,-5.83568721574624,663.6582632466511
combined_cube.fits[0],none,20,log,8,1.2,0.1,3.0,0.1,2.0,0.1,2.0,0.4517,3146650.7514499733,-0.765634823231548,292.28089345982426
combined_cube.fits[0],none,20,log,8,1.2,0.1,3.0,0.1,2.0,0.2,1.0,0.3626,5315065.714440074,-3.4428248317251815,505.3803364543301
combined_cube.fits[0],none,20,log,8,1.2,0.1,3.0,0.1,2.0,0.2,2.0,0.4521,3198346.159632991,-0.6118198701757694,280.8165519527133
combined_cube.fits[0],none,20,log,8,1.2,0.1,3.0,0.1,2.0,0.2,3.0,0.4369,3528278.7002182277,-0.7340873980578213,300.4940624995639
combined_cube.fits[0],none,20,log,8,1.2,0.1,3.0,0.1,5.0,0.1,1.0,0.4235,3323528.159198877,-3.5787742082688947,486.7398792347917
combined_cube.fits[0],none,20,log,8,1.2,0.1,3.0,0.1,5.0,0.1,2.0,0.5114,2241698.0213831537,-0.28922158472703924,231.8592428742633
combined_cube.fits[0],none,20,log,8,1.2,0.1,3.0,0.1,5.0,0.2,1.0,0.8762,314332.6915905811,0.39797979472105555,158.08183411429368
combined_cube.fits[0],none,20,log,8,1.2,0.1,3.0,0.1,5.0,0.2,2.0,0.6329,1170630.40114706,-0.7133998805012902,255.25595894040958
combined_cube.fits[0],none,20,log,8,1.2,0.1,3.0,0.1,5.0,0.2,3.0,0.8432,370067.14794700977,0.5809680704789206,146.8029195535467
combined_cube.fits[0],none,20,log,8,1.2,0.1,3.0,0.2,1.0,0.1,1.0,0.3929,4565996.999998308,-1.491415489415257,390.3335357678781
combined_cube.fits[0],none,20,log,8,1.2,0.1,3.0,0.2,1.0,0.1,2.0,0.3631,5422676.920348083,-2.6371892270889816,475.43116195571315
combined_cube.fits[0],none,20,log,8,1.2,0.1,3.0,0.2,1.0,0.1,3.0,0.3472,6100133.065621263,-3.5874724655364796,535.423892880314
combined_cube.fits[0],none,20,log,8,1.2,0.1,3.0,0.2,1.0,0.2,1.0,0.3082,8745932.590727327,-13.071759080281193,1198.5477881063846
combined_cube.fits[0],none,20,log,8,1.2,0.1,3.0,0.2,1.0,0.2,2.0,0.3676,5228881.005375813,-2.5597653615770675,464.80322297425647
combined_cube.fits[0],none,20,log,8,1.2,0.1,3.0,0.2,1.0,0.2,3.0,0.3876,4697463.354033904,-1.6395649287520984,403.63803128848616
combined_cube.fits[0],none,20,log,8,1.2,0.1,3.0,0.2,2.0,0.1,1.0,0.297,9687537.159250023,-19.765587424266652,1752.1865663331082
combined_cube.fits[0],none,20,log,8,1.2,0.1,3.0,0.2,2.0,0.1,3.0,0.5223,2129579.5196036426,-0.13303337709454177,216.25443510628273
combined_cube.fits[0],none,20,log,8,1.2,0.1,3.0,0.2,2.0,0.2,1.0,0.374,4923585.595651139,-2.6802741473942597,459.2009544411281
combined_cube.fits[0],none,20,log,8,1.2,0.1,3.0,0.2,2.0,0.2,2.0,0.4256,3649860.6627917024,-1.129767863291034,334.37630725605794
combined_cube.fits[0],none,20,log,8,1.2,0.1,3.0,0.2,2.0,0.2,3.0,0.4226,3784330.6619623182,-1.0311625154214812,332.06272077875354
combined_cube.fits[0],none,20,log,8,1.2,0.1,3.0,0.2,5.0,0.1,1.0,0.4452,3010484.6307272227,-1.9482212566306396,371.8285562951388
combined_cube.fits[0],none,20,log,8,1.2,0.1,3.0,0.2,5.0,0.1,2.0,0.5273,2036904.394779524,-0.3201194229649884,231.08218949037575
combined_cube.fits[0],none,20,log,8,1.2,0.1,3.0,0.2,5.0,0.1,3.0,0.5227,2101935.352055746,-0.25803345977946207,227.10159158164882
combined_cube.fits[0],none,20,log,8,1.2,0.1,3.0,0.2,5.0,0.2,1.0,0.4463,3069441.2728589214,-1.4649407711580968,340.2531972707987
combined_cube.fits[0],none,20,log,8,1.2,0.1,3.0,0.2,5.0,0.2,2.0,0.5133,2149139.556034679,-0.7197645554748887,267.5689164717771
combined_cube.fits[0],none,20,log,8,1.2,0.1,3.0,0.2,5.0,0.2,3.0,0.4863,2591491.2153322427,-0.408448439910694,248.85004667794828
combined_cube.fits[0],none,20,log,8,1.2,0.5,1.0,0.1,1.0,0.1,1.0,0.3388,6316869.900589419,-5.49099288238906,644.9157123782708
combined_cube.fits[0],none,20,log,8,1.2,0.5,1.0,0.1,1.0,0.1,2.0,0.2891,10429022.305835187,-24.040246597141774,2142.1522731575824
combined_cube.fits[0],none,20,log,8,1.2,0.5,1.0,0.1,1.0,0.1,3.0,0.3991,4038143.8224535864,-1.8712095196078626,416.2701919162155
combined_cube.fits[0],none,20,log,8,1.2,0.5,1.0,0.1,1.0,0.2,1.0,0.3133,8215739.368267717,-11.247888394118371,1058.0809744585972
combined_cube.fits[0],none,20,log,8,1.2,0.5,1.0,0.1,1.0,0.2,2.0,0.3902,4260249.000367149,-2.0763693763519013,434.4423580896596
combined_cube.fits[0],none,20,log,8,1.2,0.5,1.0,0.1,1.0,0.2,3.0,0.4804,2855195.9763816926,-0.7047516502455901,319.67526757058295
combined_cube.fits[0],none,20,log,8,1.2,0.5,1.0,0.1,2.0,0.1,1.0,0.3806,4543625.606806735,-2.2847521430249764,454.3819217089102
combined_cube.fits[0],none,20,log,8,1.2,0.5,1.0,0.1,2.0,0.1,2.0,0.4992,2402767.7592560686,-0.4983624155798789,262.5256723710922
combined_cube.fits[0],none,20,log,8,1.2,0.5,1.0,0.1,2.0,0.1,3.0,0.5688,1554150.289834572,-1.0817078393431634,292.346514503597
combined_cube.fits[0],none,20,log,8,1.2,0.5,1.0,0.1,2.0,0.2,1.0,0.4465,2976264.646393398,-1.4422961527912743,347.95970164403377
combined_cube.fits[0],none,20,log,8,1.2,0.5,1.0,0.1,2.0,0.2,2.0,0.4393,3195356.580936616,-1.2851101105047722,350.55900483458527
combined_cube.fits[0],none,20,log,8,1.2,0.5,1.0,0.1,2.0,0.2,3.0,0.4477,3116287.730224618,-1.1122312427190586,340.7915954491534
combined_cube.fits[0],none,20,log,8,1.2,0.5,1.0,0.1,5.0,0.1,2.0,0.4778,2604983.225506825,-0.8755331250945241,301.7046710057648
combined_cube.fits[0],none,20,log,8,1.2,0.5,1.0,0.1,5.0,0.1,3.0,0.5297,1989322.4535286191,-0.4521151387453863,246.42128460853863
combined_cube.fits[0],none,20,log,8,1.2,0.5,1.0,0.1,5.0,0.2,1.0,0.5323,1883880.7444602137,-0.8872316958455222,282.0263727463382
combined_cube.fits[0],none,20,log,8,1.2,0.5,1.0,0.1,5.0,0.2,2.0,0.9375,507764.09648670163,1.0366558199083662,160.4499756722375
combined_cube.fits[0],none,20,log,8,1.2,0.5,1.0,0.1,5.0,0.2,3.0,0.5636,1686343.2543638232,-0.1611291661000733,214.55468343985766
combined_cube.fits[0],none,20,log,8,1.2,0.5,1.0,0.2,1.0,0.1,2.0,0.3468,5863093.114702871,-4.368449282944383,575.3615265318634
combined_cube.fits[0],none,20,log,8,1.2,0.5,1.0,0.2,1.0,0.1,3.0,0.4552,3145201.6482410906,-0.8971952618753931,329.31687613214365
combined_cube.fits[0],none,20,log,8,1.2,0.5,1.0,0.2,1.0,0.2,2.0,0.3599,5245485.269729596,-3.356890591953091,515.4886673441321
combined_cube.fits[0],none,20,log,8,1.2,0.5,1.0,0.2,1.0,0.2,3.0,0.4107,3774506.3639453887,-1.659269940363824,395.4570455186018
combined_cube.fits[0],none,20,log,8,1.2,0.5,1.0,0.2,2.0,0.1,1.0,0.3616,5157375.641574231,-3.723943306918471,525.3446279547543
combined_cube.fits[0],none,20,log,8,1.2,0.5,1.0,0.2,2.0,0.1,2.0,0.3959,4145629.4858572283,-1.8732229650781103,423.55571310843095
combined_cube.fits[0],none,20,log,8,1.2,0.5,1.0,0.2,2.0,0.1,3.0,0.4695,2823397.4038863196,-0.7920479412188193,301.91868504525354
combined_cube.fits[0],none,20,log,8,1.2,0.5,1.0,0.2,2.0,0.2,2.0,0.4704,2844283.470056025,-0.7422920647049766,299.7747012999423
combined_cube.fits[0],none,20,log,8,1.2,0.5,1.0,0.2,2.0,0.2,3.0,0.4919,2490883.12119704,-0.5823006490733582,272.19029809989064
combined_cube.fits[0],none,20,log,8,1.2,0.5,1.0,0.2,5.0,0.1,2.0,0.4887,2416665.9770542905,-0.895713508644762,296.4304264506234
combined_cube.fits[0],none,20,log,8,1.2,0.5,1.0,0.2,5.0,0.1,3.0,0.9835,134840.50354901093,0.6241015185965952,145.25006468239536
combined_cube.fits[0],none,20,log,8,1.2,0.5,1.0,0.2,5.0,0.2,1.0,0.534,1864472.1780714663,-0.9030085527745811,282.89101704526627
combined_cube.fits[0],none,20,log,8,1.2,0.5,1.0,0.2,5.0,0.2,2.0,0.5905,1460162.3593555025,-0.13357521616284723,207.83053349532884
combined_cube.fits[0],none,20,log,8,1.2,0.5,2.0,0.1,1.0,0.1,1.0,0.3454,5944561.810180727,-4.453888211272506,581.3831945018358
combined_cube.fits[0],none,20,log,8,1.2,0.5,2.0,0.1,1.0,0.1,2.0,0.3622,5154739.728315022,-3.2348700147893723,507.8830675908611
combined_cube.fits[0],none,20,log,8,1.2,0.5,2.0,0.1,1.0,0.1,3.0,0.4778,2726205.2803404764,-0.6693598859734561,288.3701926996722
combined_cube.fits[0],none,20,log,8,1.2,0.5,2.0,0.1,1.0,0.2,1.0,0.3061,8898113.421588942,-13.198742441351218,1207.6836399768017
combined_cube.fits[0],none,20,log,8,1.2,0.5,2.0,0.1,1.0,0.2,2.0,0.3753,4680813.69613578,-2.623977971684685,469.7478385266259
combined_cube.fits[0],none,20,log,8,1.2,0.5,2.0,0.1,1.0,0.2,3.0,0.4219,3599198.1819352773,-1.4265136152058133,380.415017666031
combined_cube.fits[0],none,20,log,8,1.2,0.5,2.0,0.1,2.0,0.1,1.0,0.3938,3983343.790687474,-3.841789968299693,512.420995232971
combined_cube.fits[0],none,20,log,8,1.2,0.5,2.0,0.1,2.0,0.1,2.0,0.4198,3551016.8291850816,-1.574966188406638,378.6941409834823
combined_cube.fits[0],none,20,log,8,1.2,0.5,2.0,0.1,2.0,0.1,3.0,0.4477,3208634.733274092,-1.0326577299739248,339.86796406840557
combined_cube.fits[0],none,20,log,8,1.2,0.5,2.0,0.1,2.0,0.2,1.0,0.3729,4699847.592823521,-3.568741844697102,506.23905487376186
combined_cube.fits[0],none,20,log,8,1.2,0.5,2.0,0.1,2.0,0.2,2.0,0.4408,3189988.9494076064,-1.2430828116779151,348.95489931201416
combined_cube.fits[0],none,20,log,8,1.2,0.5,2.0,0.1,2.0,0.2,3.0,0.4595,2935756.669908796,-0.9652039119530504,321.66152076269043
combined_cube.fits[0],none,20,log,8,1.2,0.5,2.0,0.1,5.0,0.1,1.0,0.6177,1270660.5611585842,-0.11642519000711837,203.57004935076193
combined_cube.fits[0],none,20,log,8,1.2,0.5,2.0,0.1,5.0,0.1,2.0,0.536,1965010.2705202405,-0.24339111984931483,227.33002839793622
combined_cube.fits[0],none,20,log,8,1.2,0.5,2.0,0.1,5.0,0.1,3.0,0.7555,669869.9285248728,0.547137506078911,159.35890127678636
combined_cube.fits[0],none,20,log,8,1.2,0.5,2.0,0.1,5.0,0.2,1.0,0.5823,1490448.716628789,-0.5120473323193276,242.16691555908793
combined_cube.fits[0],none,20,log,8,1.2,0.5,2.0,0.1,5.0,0.2,3.0,0.5512,1807892.4624134435,-0.18570920377132033,219.07032650152405
combined_cube.fits[0],none,20,log,8,1.2,0.5,2.0,0.2,1.0,0.1,1.0,0.2958,9894794.983513944,-18.604747504689705,1648.8270536471691
combined_cube.fits[0],none,20,log,8,1.2,0.5,2.0,0.2,1.0,0.1,2.0,0.3979,4047176.774032806,-1.9549429260512343,417.92733547729995
combined_cube.fits[0],none,20,log,8,1.2,0.5,2.0,0.2,1.0,0.1,3.0,0.4407,3337041.397040352,-1.1194021795823494,353.5608350009791
combined_cube.fits[0],none,20,log,8,1.2,0.5,2.0,0.2,1.0,0.2,1.0,0.4586,2860088.176199664,-1.112347269411489,326.83843829542514
combined_cube.fits[0],none,20,log,8,1.2,0.5,2.0,0.2,1.0,0.2,2.0,0.3392,6293033.616130937,-4.908964451878984,612.2856499923843
combined_cube.fits[0],none,20,log,8,1.2,0.5,2.0,0.2,1.0,0.2,3.0,0.4358,3392863.495556113,-1.2061856131771174,361.55844760020915
combined_cube.fits[0],none,20,log,8,1.2,0.5,2.0,0.2,2.0,0.1,1.0,0.403,3874218.867849027,-1.9995095488644135,408.913901036734
combined_cube.fits[0],none,20,log,8,1.2,0.5,2.0,0.2,2.0,0.1,2.0,0.4594,2882635.6484063417,-1.0452108122940895,324.79626323864125
combined_cube.fits[0],none,20,log,8,1.2,0.5,2.0,0.2,2.0,0.1,3.0,0.4437,3161883.723946067,-1.1853160491814423,345.8394520609241
combined_cube.fits[0],none,20,log,8,1.2,0.5,2.0,0.2,2.0,0.2,2.0,0.483,2495293.0714943255,-0.9346220679489619,301.7639872440642
combined_cube.fits[0],none,20,log,8,1.2,0.5,2.0,0.2,2.0,0.2,3.0,0.4471,3161934.971205282,-1.088090175150347,341.3709700082102
combined_cube.fits[0],none,20,log,8,1.2,0.5,2.0,0.2,5.0,0.1,1.0,0.5104,2097733.15726487,-1.0540199524875995,298.4135924557603
combined_cube.fits[0],none,20,log,8,1.2,0.5,2.0,0.2,5.0,0.1,2.0,0.8388,421309.5285048612,0.13420010279328104,179.95364199556923
combined_cube.fits[0],none,20,log,8,1.2,0.5,2.0,0.2,5.0,0.1,3.0,0.6042,1377829.426038736,0.06733802112427818,189.1854333977809
combined_cube.fits[0],none,20,log,8,1.2,0.5,2.0,0.2,5.0,0.2,1.0,0.5383,1858817.43861973,-0.6546941740990972,262.2494430107334
combined_cube.fits[0],none,20,log,8,1.2,0.5,2.0,0.2,5.0,0.2,2.0,0.5213,2024039.67044527,-0.758412293073489,274.77885862152226
combined_cube.fits[0],none,20,log,8,1.2,0.5,2.0,0.2,5.0,0.2,3.0,0.5864,1510783.9393596018,0.012483423738072888,195.86546054564147
combined_cube.fits[0],none,20,log,8,1.2,0.5,3.0,0.1,1.0,0.1,1.0,0.32,7655062.65780436,-8.62727060159701,861.687880013503
combined_cube.fits[0],none,20,log,8,1.2,0.5,3.0,0.1,1.0,0.1,2.0,0.3689,4896145.670493574,-2.886670757691506,486.8204742372197
combined_cube.fits[0],none,20,log,8,1.2,0.5,3.0,0.1,1.0,0.1,3.0,0.4051,3898302.3277460905,-1.7573048584805666,405.5777663176821
combined_cube.fits[0],none,20,log,8,1.2,0.5,3.0,0.1,1.0,0.2,1.0,0.4406,3038829.6685222355,-1.679642743807548,362.81501238721995
combined_cube.fits[0],none,20,log,8,1.2,0.5,3.0,0.1,1.0,0.2,2.0,0.4585,3072279.329426146,-0.8674056128613181,322.7484907956596
combined_cube.fits[0],none,20,log,8,1.2,0.5,3.0,0.1,1.0,0.2,3.0,0.3813,4516974.013377456,-2.2724710292349193,452.8018997284106
combined_cube.fits[0],none,20,log,8,1.2,0.5,3.0,0.1,2.0,0.1,1.0,0.9016,503444.1051797426,0.7726944801108868,149.148270736716
combined_cube.fits[0],none,20,log,8,1.2,0.5,3.0,0.1,2.0,0.1,2.0,0.4341,3305911.126675849,-1.323289569064453,358.0995527067515
combined_cube.fits[0],none,20,log,8,1.2,0.5,3.0,0.1,2.0,0.1,3.0,0.4777,2669638.1056010807,-0.7571540950939409,293.61340143546215
combined_cube.fits[0],none,20,log,8,1.2,0.5,3.0,0.1,2.0,0.2,1.0,0.3817,4419673.804171595,-2.8401002008458,465.7555061757457
combined_cube.fits[0],none,20,log,8,1.2,0.5,3.0,0.1,2.0,0.2,2.0,0.4815,2667187.4158043945,-0.6348091592463445,283.59782983360174
combined_cube.fits[0],none,20,log,8,1.2,0.5,3.0,0.1,2.0,0.2,3.0,0.4607,2850181.4313811255,-1.0485345429700945,323.7545457267693
combined_cube.fits[0],none,20,log,8,1.2,0.5,3.0,0.1,5.0,0.1,1.0,0.5702,1567328.5948481795,-0.6858552273557917,259.50013761143856
combined_cube.fits[0],none,20,log,8,1.2,0.5,3.0,0.1,5.0,0.1,2.0,0.5476,1806074.955303013,-0.38695862481984905,236.8258104280224
combined_cube.fits[0],none,20,log,8,1.2,0.5,3.0,0.1,5.0,0.1,3.0,0.6182,1279680.1699124505,0.08551199463167684,186.38552814283702
combined_cube.fits[0],none,20,log,8,1.2,0.5,3.0,0.1,5.0,0.2,1.0,0.5558,1753878.666791254,-0.21575257795383773,221.0627083454629
combined_cube.fits[0],none,20,log,8,1.2,0.5,3.0,0.1,5.0,0.2,2.0,0.5703,1614772.082266519,-0.24032232413152846,220.2964651489294
combined_cube.fits[0],none,20,log,8,1.2,0.5,3.0,0.1,5.0,0.2,3.0,0.6036,1392271.9105977374,0.1354976130004914,185.28464331868625
combined_cube.fits[0],none,20,log,8,1.2,0.5,3.0,0.2,1.0,0.1,1.0,0.4035,3783953.2539664707,-2.4610892656633006,426.75668260839245
combined_cube.fits[0],none,20,log,8,1.2,0.5,3.0,0.2,1.0,0.1,2.0,0.3628,5127778.653296924,-3.1901554982194873,505.56109503864343
combined_cube.fits[0],none,20,log,8,1.2,0.5,3.0,0.2,1.0,0.1,3.0,0.3783,4590492.214732118,-2.452378168732748,461.10526891068287
combined_cube.fits[0],none,20,log,8,1.2,0.5,3.0,0.2,1.0,0.2,1.0,0.3938,4168100.6910106903,-1.9822729085380628,426.9254390894148
combined_cube.fits[0],none,20,log,8,1.2,0.5,3.0,0.2,1.0,0.2,2.0,0.3743,4707029.147090925,-2.6811755861971993,472.76330693086624
combined_cube.fits[0],none,20,log,8,1.2,0.5,3.0,0.2,1.0,0.2,3.0,0.3744,4715737.311583058,-2.5762732502944266,470.348375036989
combined_cube.fits[0],none,20,log,8,1.2,0.5,3.0,0.2,2.0,0.1,1.0,0.422,3330806.029303464,-2.435642591059618,413.9335735267796
combined_cube.fits[0],none,20,log,8,1.2,0.5,3.0,0.2,2.0,0.1,2.0,0.4017,3922141.0832940987,-1.958784688204036,410.87297556946857
combined_cube.fits[0],none,20,log,8,1.2,0.5,3.0,0.2,2.0,0.1,3.0,0.4618,2892181.3546189396,-0.9479490829750375,318.90932790128437
combined_cube.fits[0],none,20,log,8,1.2,0.5,3.0,0.2,2.0,0.2,1.0,0.4198,3484125.2871405426,-1.7454443688710903,381.7034745014106
combined_cube.fits[0],none,20,log,8,1.2,0.5,3.0,0.2,2.0,0.2,2.0,0.441,3204278.7194282385,-1.2157327764984744,349.6675332239352
combined_cube.fits[0],none,20,log,8,1.2,0.5,3.0,0.2,2.0,0.2,3.0,0.9442,321089.712570782,0.787904314015383,147.70928709049787
combined_cube.fits[0],none,20,log,8,1.2,0.5,3.0,0.2,5.0,0.1,1.0,0.4291,3159090.2332114507,-2.785965209269498,433.0601027247407
combined_cube.fits[0],none,20,log,8,1.2,0.5,3.0,0.2,5.0,0.1,2.0,0.5248,2125480.6218978358,-0.2273943903499892,234.94814576729712
combined_cube.fits[0],none,20,log,8,1.2,0.5,3.0,0.2,5.0,0.2,1.0,0.3364,6466167.791029916,-5.211796258754997,632.1021481674833
combined_cube.fits[0],none,20,log,8,1.2,0.5,3.0,0.2,5.0,0.2,2.0,0.5612,1688208.2219068254,-0.30162461641288235,226.92321309920817
combined_cube.fits[0],none,20,log,8,1.2,0.5,3.0,0.2,5.0,0.2,3.0,0.5572,1764376.6110521178,-0.08577878036971454,209.55819571333632
combined_cube.fits[0],none,20,log,8,1.2,0.8,1.0,0.1,1.0,0.1,3.0,0.3893,4265064.357280943,-2.1017090250584003,436.1970781339811
combined_cube.fits[0],none,20,log,8,1.2,0.8,1.0,0.1,1.0,0.2,1.0,0.3562,5400460.077649692,-3.9913954863998167,543.9021026748309
combined_cube.fits[0],none,20,log,8,1.2,0.8,1.0,0.1,1.0,0.2,2.0,0.4366,3283672.0392946447,-1.2327178926368114,356.51938394348906
combined_cube.fits[0],none,20,log,8,1.2,0.8,1.0,0.1,1.0,0.2,3.0,0.4019,3949975.437668889,-1.8054581786491481,410.78551200728947
combined_cube.fits[0],none,20,log,8,1.2,0.8,1.0,0.1,2.0,0.1,1.0,0.3705,4794808.111871521,-3.4481871441487315,501.78359185971937
combined_cube.fits[0],none,20,log,8,1.2,0.8,1.0,0.1,2.0,0.1,2.0,0.4171,3581708.363494458,-1.5986607264349135,382.64951365767774
combined_cube.fits[0],none,20,log,8,1.2,0.8,1.0,0.1,2.0,0.1,3.0,0.4031,3902224.3554163943,-1.8229325039493611,407.4611507528364
combined_cube.fits[0],none,20,log,8,1.2,0.8,1.0,0.1,2.0,0.2,1.0,0.3772,4557959.258346939,-3.089374944867207,479.4483919874479
combined_cube.fits[0],none,20,log,8,1.2,0.8,1.0,0.1,2.0,0.2,2.0,0.4238,3433948.9336857386,-1.5195318209449076,371.82080261895396
combined_cube.fits[0],none,20,log,8,1.2,0.8,1.0,0.1,2.0,0.2,3.0,0.4815,2671860.8504283666,-0.6370549321685895,289.0551487701002
combined_cube.fits[0],none,20,log,8,1.2,0.8,1.0,0.1,5.0,0.1,1.0,0.7625,605327.4345017872,0.2862923504460616,165.32601353731877
combined_cube.fits[0],none,20,log,8,1.2,0.8,1.0,0.1,5.0,0.1,2.0,0.5592,1684642.242079735,-0.3465101561134157,231.99597937572278
combined_cube.fits[0],none,20,log,8,1.2,0.8,1.0,0.1,5.0,0.1,3.0,0.6066,1345767.0157890117,0.03044658978781116,193.4513372433445
combined_cube.fits[0],none,20,log,8,1.2,0.8,1.0,0.1,5.0,0.2,1.0,0.5394,1790655.4166462433,-0.9402445348473052,284.37059069206214
combined_cube.fits[0],none,20,log,8,1.2,0.8,1.0,0.1,5.0,0.2,2.0,0.4433,3288731.4629072496,-1.0749950011335787,353.029137962079
combined_cube.fits[0],none,20,log,8,1.2,0.8,1.0,0.1,5.0,0.2,3.0,0.6028,1362406.5963504927,-0.08076171983831108,203.23793222961262
combined_cube.fits[0],none,20,log,8,1.2,0.8,1.0,0.2,1.0,0.1,2.0,0.3993,4006841.5916293324,-1.8698749614843113,415.40526674782444
combined_cube.fits[0],none,20,log,8,1.2,0.8,1.0,0.2,1.0,0.1,3.0,0.4105,3756618.620230198,-1.6467252046380991,395.67767083470443
combined_cube.fits[0],none,20,log,8,1.2,0.8,1.0,0.2,1.0,0.2,1.0,0.3026,9242409.486929482,-14.745617665137969,1328.1091347196202
combined_cube.fits[0],none,20,log,8,1.2,0.8,1.0,0.2,1.0,0.2,2.0,0.403,3935296.5280787647,-1.7594777067903509,409.595335952038
combined_cube.fits[0],none,20,log,8,1.2,0.8,1.0,0.2,1.0,0.2,3.0,0.4282,3441751.9450508244,-1.334753532985908,369.5594621697288
combined_cube.fits[0],none,20,log,8,1.2,0.8,1.0,0.2,2.0,0.1,1.0,0.4406,3036058.2390825707,-1.587349346495502,358.44279941735005
combined_cube.fits[0],none,20,log,8,1.2,0.8,1.0,0.2,2.0,0.1,2.0,0.4499,2969702.5619164133,-1.1905160910062695,335.7521592729147
combined_cube.fits[0],none,20,log,8,1.2,0.8,1.0,0.2,2.0,0.1,3.0,0.4872,2530417.2630321644,-0.6449320029983058,281.49793716744637
combined_cube.fits[0],none,20,log,8,1.2,0.8,1.0,0.2,2.0,0.2,1.0,0.3273,7094976.664797902,-6.546820312459072,719.0122686492864
combined_cube.fits[0],none,20,log,8,1.2,0.8,1.0,0.2,2.0,0.2,2.0,0.5585,1692840.8071506752,-0.33669522846245914,231.41795448225307
combined_cube.fits[0],none,20,log,8,1.2,0.8,1.0,0.2,5.0,0.1,1.0,0.5733,1529990.5494632365,-0.6549661569537958,256.082703768124
combined_cube.fits[0],none,20,log,8,1.2,0.8,1.0,0.2,5.0,0.1,2.0,0.6639,1002631.4120244815,0.06357544021752377,185.77934415860975
combined_cube.fits[0],none,20,log,8,1.2,0.8,1.0,0.2,5.0,0.1,3.0,0.5757,1572505.7281948046,-0.10995451694562393,209.62842346648256
combined_cube.fits[0],none,20,log,8,1.2,0.8,1.0,0.2,5.0,0.2,1.0,0.4647,2617374.8863436226,-1.5454894970387882,344.02760995934614
combined_cube.fits[0],none,20,log,8,1.2,0.8,1.0,0.2,5.0,0.2,2.0,0.6351,1168647.177430655,0.1601752462319788,180.9573036303647
combined_cube.fits[0],none,20,log,8,1.2,0.8,1.0,0.2,5.0,0.2,3.0,0.5784,1555942.8001793446,-0.06258231984579794,205.08113070913348
combined_cube.fits[0],none,20,log,8,1.2,0.8,2.0,0.1,1.0,0.1,1.0,0.3261,7188353.994017575,-7.295834012444441,766.3525840854924
combined_cube.fits[0],none,20,log,8,1.2,0.8,2.0,0.1,1.0,0.1,2.0,0.386,4342866.504006931,-2.2458046116833454,443.23435126159205
combined_cube.fits[0],none,20,log,8,1.2,0.8,2.0,0.1,1.0,0.1,3.0,0.4372,3322781.084959481,-1.190795481397068,358.5560204239258
combined_cube.fits[0],none,20,log,8,1.2,0.8,2.0,0.1,1.0,0.2,2.0,0.3983,3921279.910397317,-2.4562757648662323,430.69763679210075
combined_cube.fits[0],none,20,log,8,1.2,0.8,2.0,0.1,1.0,0.2,3.0,0.3537,5532208.341371425,-3.6025900421767103,532.6038955746398
combined_cube.fits[0],none,20,log,8,1.2,0.8,2.0,0.1,2.0,0.1,1.0,0.4006,3856712.930804561,-2.4422453380562725,427.88099208929606
combined_cube.fits[0],none,20,log,8,1.2,0.8,2.0,0.1,2.0,0.1,3.0,0.568,1654306.1554240058,-0.0482417466807092,206.4151343210637
combined_cube.fits[0],none,20,log,8,1.2,0.8,2.0,0.1,2.0,0.2,1.0,0.4347,3237471.438731418,-1.354841214160192,355.84923007952875
combined_cube.fits[0],none,20,log,8,1.2,0.8,2.0,0.1,2.0,0.2,2.0,0.463,2802186.23552745,-0.9911148819749022,318.6040481047538
combined_cube.fits[0],none,20,log,8,1.2,0.8,2.0,0.1,2.0,0.2,3.0,0.4431,3176735.346761686,-1.1468492498062877,346.93515622548415
combined_cube.fits[0],none,20,log,8,1.2,0.8,2.0,0.1,5.0,0.1,1.0,0.5157,1992249.49287026,-1.2828471042587517,313.01429772028115
combined_cube.fits[0],none,20,log,8,1.2,0.8,2.0,0.1,5.0,0.1,2.0,0.5365,1931989.6178098712,-0.2983493434990377,233.6041743570975
combined_cube.fits[0],none,20,log,8,1.2,0.8,2.0,0.1,5.0,0.1,3.0,0.7652,594293.4271351289,0.4731322647010521,154.2410201168296
combined_cube.fits[0],none,20,log,8,1.2,0.8,2.0,0.1,5.0,0.2,1.0,0.6026,1328219.649633698,-0.6022822011290733,248.58012794401725
combined_cube.fits[0],none,20,log,8,1.2,0.8,2.0,0.1,5.0,0.2,2.0,0.6416,1139574.045912553,0.23877016447919838,176.52180393643425
combined_cube.fits[0],none,20,log,8,1.2,0.8,2.0,0.1,5.0,0.2,3.0,0.5311,2009801.000138416,-0.26229436989977195,232.60140672034086
combined_cube.fits[0],none,20,log,8,1.2,0.8,2.0,0.2,1.0,0.1,1.0,0.3252,7258536.1368009485,-7.379184079792483,772.7187318757572
combined_cube.fits[0],none,20,log,8,1.2,0.8,2.0,0.2,1.0,0.1,2.0,0.3418,6152630.950610775,-4.666158286244419,595.7603833341556
combined_cube.fits[0],none,20,log,8,1.2,0.8,2.0,0.2,1.0,0.2,1.0,0.4559,3128289.197095481,-0.9113537591633668,336.9024770887568
combined_cube.fits[0],none,20,log,8,1.2,0.8,2.0,0.2,1.0,0.2,2.0,0.3485,5784358.624907058,-4.297117633993703,568.6230278371175
combined_cube.fits[0],none,20,log,8,1.2,0.8,2.0,0.2,1.0,0.2,3.0,0.4562,3020256.3094548513,-0.9454588937192762,326.99010138803743
combined_cube.fits[0],none,20,log,8,1.2,0.8,2.0,0.2,2.0,0.1,1.0,0.3505,5671288.957891487,-4.701987195847236,587.405673092282
combined_cube.fits[0],none,20,log,8,1.2,0.8,2.0,0.2,2.0,0.2,1.0,0.3397,6256015.692044831,-6.586632878183612,712.4581140139617
combined_cube.fits[0],none,20,log,8,1.2,0.8,2.0,0.2,2.0,0.2,2.0,0.4676,2799373.9348338055,-0.8553341418708196,308.9791143359867
combined_cube.fits[0],none,20,log,8,1.2,0.8,2.0,0.2,5.0,0.1,2.0,0.5888,1464293.7565398263,-0.112414572274234,207.726658964731
combined_cube.fits[0],none,20,log,8,1.2,0.8,2.0,0.2,5.0,0.1,3.0,0.6188,1261708.0616060859,0.022785764535547683,192.9750914093434
combined_cube.fits[0],none,20,log,8,1.2,0.8,2.0,0.2,5.0,0.2,1.0,0.5096,2083638.6157739596,-1.0533037661333662,297.905566005023
combined_cube.fits[0],none,20,log,8,1.2,0.8,2.0,0.2,5.0,0.2,2.0,0.5926,1443367.3572727705,-0.03190060465944392,200.33900553272204
combined_cube.fits[0],none,20,log,8,1.2,0.8,2.0,0.2,5.0,0.2,3.0,0.5922,1451889.2805960665,0.009084580580570864,197.13473658470105
combined_cube.fits[0],none,20,log,8,1.2,0.8,3.0,0.1,1.0,0.1,1.0,0.3586,5311634.401808943,-3.2649432823231996,513.6179227070711
combined_cube.fits[0],none,20,log,8,1.2,0.8,3.0,0.1,1.0,0.1,2.0,0.3438,6037006.006747489,-4.393246870116024,580.1590217905473
combined_cube.fits[0],none,20,log,8,1.2,0.8,3.0,0.1,1.0,0.1,3.0,0.4042,3895995.543999874,-1.7597056501752415,406.61181033607323
combined_cube.fits[0],none,20,log,8,1.2,0.8,3.0,0.1,1.0,0.2,1.0,0.3043,9078229.367162997,-14.261021268259436,1290.0689002181068
combined_cube.fits[0],none,20,log,8,1.2,0.8,3.0,0.1,1.0,0.2,2.0,0.3485,5789234.355505285,-3.919639572410958,552.9010211108115
combined_cube.fits[0],none,20,log,8,1.2,0.8,3.0,0.1,1.0,0.2,3.0,0.4058,3853037.9530860116,-1.7464632797007047,403.2574579032394
combined_cube.fits[0],none,20,log,8,1.2,0.8,3.0,0.1,2.0,0.1,1.0,0.3782,4521320.732902279,-3.103848247475279,478.8464560569036
combined_cube.fits[0],none,20,log,8,1.2,0.8,3.0,0.1,2.0,0.1,2.0,0.3957,4049911.2598733967,-2.1123662055664125,422.9837116668693
combined_cube.fits[0],none,20,log,8,1.2,0.8,3.0,0.1,2.0,0.1,3.0,0.3337,6650647.860926674,-5.459981302229919,648.7109710537061
combined_cube.fits[0],none,20,log,8,1.2,0.8,3.0,0.1,2.0,0.2,1.0,0.4044,3781638.8824166,-2.175374451210291,412.48806852827823
combined_cube.fits[0],none,20,log,8,1.2,0.8,3.0,0.1,2.0,0.2,2.0,0.4966,2390862.1123310523,-0.586668734347692,271.6697335348
combined_cube.fits[0],none,20,log,8,1.2,0.8,3.0,0.1,2.0,0.2,3.0,0.3417,6156525.528618964,-4.88857657647406,607.1104151173421
combined_cube.fits[0],none,20,log,8,1.2,0.8,3.0,0.1,5.0,0.1,1.0,0.5063,2105207.981708534,-1.1785780086840922,307.0738602863152
combined_cube.fits[0],none,20,log,8,1.2,0.8,3.0,0.1,5.0,0.1,2.0,0.5879,1461797.7139533127,-0.19366507258375246,214.73689091545864
combined_cube.fits[0],none,20,log,8,1.2,0.8,3.0,0.1,5.0,0.1,3.0,0.5777,1558736.7438369554,-0.08787248062466584,207.38141474386757
combined_cube.fits[0],none,20,log,8,1.2,0.8,3.0,0.1,5.0,0.2,1.0,0.4967,2200640.9513058476,-1.3417386219818734,320.740980870279
combined_cube.fits[0],none,20,log,8,1.2,0.8,3.0,0.1,5.0,0.2,2.0,0.5588,1667401.3552587978,-0.4859218883883519,243.68858879635695
combined_cube.fits[0],none,20,log,8,1.2,0.8,3.0,0.1,5.0,0.2,3.0,0.6435,1116604.0730505267,0.1312789371196722,182.35562207820115
combined_cube.fits[0],none,20,log,8,1.2,0.8,3.0,0.2,1.0,0.1,1.0,0.365,5046726.11525221,-3.0033963462601427,495.5165312474797
combined_cube.fits[0],none,20,log,8,1.2,0.8,3.0,0.2,1.0,0.1,2.0,0.391,4177847.620976946,-2.2135853764663738,432.6896183802088
combined_cube.fits[0],none,20,log,8,1.2,0.8,3.0,0.2,1.0,0.1,3.0,0.4551,2994269.8027823013,-0.9930656839444364,328.22058275049176
combined_cube.fits[0],none,20,log,8,1.2,0.8,3.0,0.2,1.0,0.2,1.0,0.3598,5235004.83002107,-3.9151633816329108,535.7173850925839
combined_cube.fits[0],none,20,log,8,1.2,0.8,3.0,0.2,1.0,0.2,2.0,0.3933,4141401.133136929,-2.0598913427865186,427.4656328546971
combined_cube.fits[0],none,20,log,8,1.2,0.8,3.0,0.2,1.0,0.2,3.0,0.4472,3155018.6173322685,-1.0626187855910654,341.64009705981005
combined_cube.fits[0],none,20,log,8,1.2,0.8,3.0,0.2,2.0,0.1,1.0,0.5092,2437854.7351906304,-0.5343400554777241,290.3267864707274
combined_cube.fits[0],none,20,log,8,1.2,0.8,3.0,0.2,2.0,0.1,2.0,0.4713,2803712.293295913,-0.7595255496875398,303.08983572328356
combined_cube.fits[0],none,20,log,8,1.2,0.8,3.0,0.2,2.0,0.1,3.0,0.5036,2309912.943506259,-0.5142022960195759,263.1930644355455
combined_cube.fits[0],none,20,log,8,1.2,0.8,3.0,0.2,2.0,0.2,1.0,0.3662,4982074.200051408,-3.2128898375123693,499.0849233546261
combined_cube.fits[0],none,20,log,8,1.2,0.8,3.0,0.2,2.0,0.2,2.0,0.4629,2912053.093273236,-0.868689603909737,315.7198935954748
combined_cube.fits[0],none,20,log,8,1.2,0.8,3.0,0.2,2.0,0.2,3.0,0.4335,3307403.9327369966,-1.2978344885278883,358.66083599536734
combined_cube.fits[0],none,20,log,8,1.2,0.8,3.0,0.2,5.0,0.1,1.0,0.5474,1748456.254908122,-0.6617936843376252,260.766802775936
combined_cube.fits[0],none,20,log,8,1.2,0.8,3.0,0.2,5.0,0.1,2.0,0.6163,1275491.7874494644,-0.006121605805541952,195.6480902759332
combined_cube.fits[0],none,20,log,8,1.2,0.8,3.0,0.2,5.0,0.1,3.0,0.5291,2031175.9629161109,-0.27680989822839436,234.4870119775094
combined_cube.fits[0],none,20,log,8,1.2,0.8,3.0,0.2,5.0,0.2,1.0,0.5966,1384452.22902944,-0.32977481259978314,224.69624831678817
combined_cube.fits[0],none,20,log,8,1.2,0.8,3.0,0.2,5.0,0.2,3.0,0.589,1472618.7414703371,-0.023705518150862418,200.100240199653
combined_cube.fits[0],none,20,log,8,1.5,0.1,1.0,0.1,1.0,0.1,3.0,0.387,4724010.431719969,-1.7781214443060886,414.0457098960329
combined_cube.fits[0],none,20,log,8,1.5,0.1,1.0,0.1,1.0,0.2,1.0,0.3516,5900725.752610119,-4.269426652660453,563.8538705666305
combined_cube.fits[0],none,20,log,8,1.5,0.1,1.0,0.1,1.0,0.2,2.0,0.363,5445555.124509531,-3.0220463302613565,494.477684649313
combined_cube.fits[0],none,20,log,8,1.5,0.1,1.0,0.1,1.0,0.2,3.0,0.3871,4699663.218551147,-1.8254767197468003,414.65658300758713
combined_cube.fits[0],none,20,log,8,1.5,0.1,1.0,0.1,2.0,0.1,1.0,0.4824,2637615.2748105237,-0.5251608073696161,261.4725484440238
combined_cube.fits[0],none,20,log,8,1.5,0.1,1.0,0.1,2.0,0.1,3.0,0.3971,4378157.243664056,-1.664172423680275,392.89926146865884
combined_cube.fits[0],none,20,log,8,1.5,0.1,1.0,0.1,2.0,0.2,1.0,0.3803,4738205.075627701,-2.6628403051400675,455.0283913420758
combined_cube.fits[0],none,20,log,8,1.5,0.1,1.0,0.1,2.0,0.2,2.0,0.4143,3927002.815987722,-1.356802947177654,359.30396292430635
combined_cube.fits[0],none,20,log,8,1.5,0.1,1.0,0.1,5.0,0.1,1.0,0.4595,2836422.784340259,-1.439808860841246,335.08254503106974
combined_cube.fits[0],none,20,log,8,1.5,0.1,1.0,0.1,5.0,0.1,2.0,0.5371,1941113.2831211323,-0.20618687885483866,220.61723348332345
combined_cube.fits[0],none,20,log,8,1.5,0.1,1.0,0.1,5.0,0.1,3.0,0.5045,2341209.200396517,-0.29909705044929596,234.87102786895446
combined_cube.fits[0],none,20,log,8,1.5,0.1,1.0,0.1,5.0,0.2,2.0,0.3567,5519743.143499188,-5.845252600155961,661.4976115654023
combined_cube.fits[0],none,20,log,8,1.5,0.1,1.0,0.1,5.0,0.2,3.0,0.5232,2098252.695111039,-0.2548687708630394,227.4384177866127
combined_cube.fits[0],none,20,log,8,1.5,0.1,1.0,0.2,1.0,0.1,1.0,0.3388,6606457.188775816,-5.529775397038432,648.0781079550072
combined_cube.fits[0],none,20,log,8,1.5,0.1,1.0,0.2,1.0,0.1,2.0,0.341,6502194.163739023,-4.747440617008476,602.1013483929103
combined_cube.fits[0],none,20,log,8,1.5,0.1,1.0,0.2,1.0,0.1,3.0,0.9224,309037.76890206937,0.7890438471089553,148.55596803134912
combined_cube.fits[0],none,20,log,8,1.5,0.1,1.0,0.2,1.0,0.2,1.0,0.3073,9050799.801637383,-14.216789896797195,1286.0206204584056
combined_cube.fits[0],none,20,log,8,1.5,0.1,1.0,0.2,1.0,0.2,2.0,0.3577,5659971.493314614,-3.3904104592262994,516.4651907283911
combined_cube.fits[0],none,20,log,8,1.5,0.1,1.0,0.2,2.0,0.1,1.0,0.4213,3561943.9089847994,-1.9496616809558027,382.99529112366724
combined_cube.fits[0],none,20,log,8,1.5,0.1,1.0,0.2,2.0,0.1,2.0,0.4227,3804767.1987380087,-1.0746643641166926,338.0679435140165
combined_cube.fits[0],none,20,log,8,1.5,0.1,1.0,0.2,2.0,0.1,3.0,0.412,4179554.4426940903,-1.0629313491271857,351.5250547730086
combined_cube.fits[0],none,20,log,8,1.5,0.1,1.0,0.2,2.0,0.2,1.0,0.3797,4765042.661831944,-2.6628054117831232,455.80869230799664
combined_cube.fits[0],none,20,log,8,1.5,0.1,1.0,0.2,2.0,0.2,2.0,0.4111,3932319.171535116,-1.5968108538154966,372.4302236513453
combined_cube.fits[0],none,20,log,8,1.5,0.1,1.0,0.2,2.0,0.2,3.0,0.4257,3727115.496706673,-1.04940103038815,333.7384232957875
combined_cube.fits[0],none,20,log,8,1.5,0.1,1.0,0.2,5.0,0.1,1.0,0.5384,1854464.0469957646,-0.8670038787783872,276.6386756701017
combined_cube.fits[0],none,20,log,8,1.5,0.1,1.0,0.2,5.0,0.1,2.0,0.4095,4243888.138717591,-1.1078825165378154,357.48379267961997
combined_cube.fits[0],none,20,log,8,1.5,0.1,1.0,0.2,5.0,0.1,3.0,0.4965,2448871.2124360013,-0.3561419047531993,242.09301728305536
combined_cube.fits[0],none,20,log,8,1.5,0.1,1.0,0.2,5.0,0.2,1.0,0.5995,1381507.2880921646,-0.19402311973862874,210.86711473560575
combined_cube.fits[0],none,20,log,8,1.5,0.1,1.0,0.2,5.0,0.2,2.0,0.6114,1305233.5603476705,-0.033832023663010885,196.32757807436508
combined_cube.fits[0],none,20,log,8,1.5,0.1,1.0,0.2,5.0,0.2,3.0,0.5653,1672689.9482665819,-0.04290613304677147,201.47530601516235
combined_cube.fits[0],none,20,log,8,1.5,0.1,2.0,0.1,1.0,0.1,1.0,0.3259,7335894.356942378,-6.868599650763526,737.7937985100391
combined_cube.fits[0],none,20,log,8,1.5,0.1,2.0,0.1,1.0,0.1,3.0,0.4287,3696052.1406328864,-0.854876619922241,314.9719199397968
combined_cube.fits[0],none,20,log,8,1.5,0.1,2.0,0.1,1.0,0.2,1.0,0.3245,7436799.941498065,-7.21749871602949,761.263927024459
combined_cube.fits[0],none,20,log,8,1.5,0.1,2.0,0.1,1.0,0.2,3.0,0.4143,3977322.8404172645,-1.1592837443441506,347.8133132760497
combined_cube.fits[0],none,20,log,8,1.5,0.1,2.0,0.1,2.0,0.1,1.0,0.3655,5180267.887000666,-3.4440022199639464,502.3887948671747
combined_cube.fits[0],none,20,log,8,1.5,0.1,2.0,0.1,2.0,0.1,2.0,0.4107,4022677.8796771877,-1.2935916720887908,356.7402037269222
combined_cube.fits[0],none,20,log,8,1.5,0.1,2.0,0.1,2.0,0.1,3.0,0.4227,3783512.641277925,-1.0225966378774296,331.33279340557084
combined_cube.fits[0],none,20,log,8,1.5,0.1,2.0,0.1,2.0,0.2,1.0,0.4248,3537464.6785206143,-1.5325107128357365,355.8469025439269
combined_cube.fits[0],none,20,log,8,1.5,0.1,2.0,0.1,2.0,0.2,2.0,0.4168,3851715.3625029945,-1.2500031708112156,348.2379822544007
combined_cube.fits[0],none,20,log,8,1.5,0.1,2.0,0.1,2.0,0.2,3.0,0.5128,2238046.3718668837,-0.20131309554762394,223.66040320382
combined_cube.fits[0],none,20,log,8,1.5,0.1,2.0,0.1,5.0,0.1,2.0,0.5526,1780970.2716479995,-0.2016013495208364,216.55818712589235
combined_cube.fits[0],none,20,log,8,1.5,0.1,2.0,0.1,5.0,0.1,3.0,0.6515,1089650.4599875237,0.3280812789039225,168.93172480064507
combined_cube.fits[0],none,20,log,8,1.5,0.1,2.0,0.1,5.0,0.2,1.0,0.5037,2214042.0635287953,-1.1311493652474527,301.2650459379782
combined_cube.fits[0],none,20,log,8,1.5,0.1,2.0,0.1,5.0,0.2,2.0,0.7045,818715.4930747943,0.12874548964962823,177.87049394980306
combined_cube.fits[0],none,20,log,8,1.5,0.1,2.0,0.2,1.0,0.1,1.0,0.3137,8280643.755286659,-10.373925296907116,989.7630006821294
combined_cube.fits[0],none,20,log,8,1.5,0.1,2.0,0.2,1.0,0.1,2.0,0.36,5521090.722447166,-2.908139912357328,489.6763386692343
combined_cube.fits[0],none,20,log,8,1.5,0.1,2.0,0.2,1.0,0.1,3.0,0.4255,3912687.7264589877,-0.8038831277556779,329.0984144719392
combined_cube.fits[0],none,20,log,8,1.5,0.1,2.0,0.2,1.0,0.2,1.0,0.3328,6861302.40771699,-5.886278567109535,671.2078430703338
combined_cube.fits[0],none,20,log,8,1.5,0.1,2.0,0.2,1.0,0.2,2.0,0.3648,5346601.7466742955,-2.6254475883649313,472.2051349938443
combined_cube.fits[0],none,20,log,8,1.5,0.1,2.0,0.2,2.0,0.1,1.0,0.6904,952552.6737856782,-1.7758664624292197,345.0440254137062
combined_cube.fits[0],none,20,log,8,1.5,0.1,2.0,0.2,2.0,0.2,1.0,0.3788,4764709.465361869,-2.500212951213669,445.11555895834306
combined_cube.fits[0],none,20,log,8,1.5,0.1,2.0,0.2,2.0,0.2,2.0,0.4074,4093735.1864065407,-1.3722600314026454,363.79557549792287
combined_cube.fits[0],none,20,log,8,1.5,0.1,2.0,0.2,2.0,0.2,3.0,0.4242,3748666.1871849364,-1.007599631086936,329.06881056799807
combined_cube.fits[0],none,20,log,8,1.5,0.1,2.0,0.2,5.0,0.1,1.0,0.4438,2974200.9660378373,-2.581546092138137,413.23011156440685
combined_cube.fits[0],none,20,log,8,1.5,0.1,2.0,0.2,5.0,0.1,3.0,0.5161,2184546.543895839,-0.25918788880207877,228.37578909416558
combined_cube.fits[0],none,20,log,8,1.5,0.1,2.0,0.2,5.0,0.2,1.0,0.4906,2420417.563665785,-0.9083522245090324,287.32611913736037
combined_cube.fits[0],none,20,log,8,1.5,0.1,2.0,0.2,5.0,0.2,2.0,0.3935,4461331.774408867,-1.6448898787981683,392.54737903247695
combined_cube.fits[0],none,20,log,8,1.5,0.1,3.0,0.1,1.0,0.1,1.0,0.3762,4895268.122362213,-2.38088777274297,443.65831898829197
combined_cube.fits[0],none,20,log,8,1.5,0.1,3.0,0.1,1.0,0.1,2.0,0.3374,6595515.554422594,-4.956831887534586,613.1270578342622
combined_cube.fits[0],none,20,log,8,1.5,0.1,3.0,0.1,1.0,0.1,3.0,0.3959,4474891.191241212,-1.4399095777264823,383.5255306631542
combined_cube.fits[0],none,20,log,8,1.5,0.1,3.0,0.1,1.0,0.2,1.0,0.3396,6428378.752391917,-5.324330707634826,631.9081717890856
combined_cube.fits[0],none,20,log,8,1.5,0.1,3.0,0.1,1.0,0.2,2.0,0.3781,4881718.474951362,-2.143064474852748,432.7855819933139
combined_cube.fits[0],none,20,log,8,1.5,0.1,3.0,0.1,1.0,0.2,3.0,0.3963,4446220.00200779,-1.459550599551509,383.0069910178312
combined_cube.fits[0],none,20,log,8,1.5,0.1,3.0,0.1,2.0,0.1,1.0,0.3563,5552910.069873872,-4.152348700780836,548.7093127798292
combined_cube.fits[0],none,20,log,8,1.5,0.1,3.0,0.1,2.0,0.1,2.0,0.4428,3351923.232471826,-0.7738027679883775,298.0165905315627
combined_cube.fits[0],none,20,log,8,1.5,0.1,3.0,0.1,2.0,0.1,3.0,0.4658,2961389.4997734483,-0.4603664003478006,262.6237873064237
combined_cube.fits[0],none,20,log,8,1.5,0.1,3.0,0.1,5.0,0.1,1.0,0.3952,4143993.8212400153,-2.7168126897203315,440.4759293319066
combined_cube.fits[0],none,20,log,8,1.5,0.1,3.0,0.1,5.0,0.1,2.0,0.8525,403294.46131152986,-0.0061069080323612485,193.7801318280662
combined_cube.fits[0],none,20,log,8,1.5,0.1,3.0,0.1,5.0,0.2,1.0,0.494,2351359.6475083204,-1.052910539653554,297.2946203656212
combined_cube.fits[0],none,20,log,8,1.5,0.1,3.0,0.1,5.0,0.2,2.0,0.519,2128565.041339252,-0.3787704842498273,237.51206832923302
combined_cube.fits[0],none,20,log,8,1.5,0.1,3.0,0.1,5.0,0.2,3.0,0.521,2135582.159933977,-0.1847629784994463,220.8076671501847
combined_cube.fits[0],none,20,log,8,1.5,0.1,3.0,0.2,1.0,0.1,1.0,0.3265,7293187.730125877,-6.795023279604653,732.5861753568909
combined_cube.fits[0],none,20,log,8,1.5,0.1,3.0,0.2,1.0,0.1,2.0,0.3877,4612907.807280044,-1.812676807817918,406.6780515293484
combined_cube.fits[0],none,20,log,8,1.5,0.1,3.0,0.2,1.0,0.1,3.0,0.3887,4667997.554911153,-1.6069311216667188,400.8410135573958
combined_cube.fits[0],none,20,log,8,1.5,0.1,3.0,0.2,1.0,0.2,1.0,0.3907,4602607.239043302,-1.579416210148163,396.4503722707837
combined_cube.fits[0],none,20,log,8,1.5,0.1,3.0,0.2,1.0,0.2,2.0,0.3932,4570526.903464111,-1.4620255925672136,389.25107230978267
combined_cube.fits[0],none,20,log,8,1.5,0.1,3.0,0.2,1.0,0.2,3.0,0.369,5204521.93993165,-2.403468129733252,457.31667173937296
combined_cube.fits[0],none,20,log,8,1.5,0.1,3.0,0.2,2.0,0.1,1.0,0.41,3967202.4500732846,-1.4727510712607927,364.7827259409217
combined_cube.fits[0],none,20,log,8,1.5,0.1,3.0,0.2,2.0,0.1,2.0,0.5674,1652079.003760129,-0.10164293157691168,205.82598507942188
combined_cube.fits[0],none,20,log,8,1.5,0.1,3.0,0.2,2.0,0.1,3.0,0.4132,3997322.6141591356,-1.187781906570312,350.2366708686469
combined_cube.fits[0],none,20,log,8,1.5,0.1,3.0,0.2,2.0,0.2,1.0,0.3579,5542861.413949074,-3.467145983376117,512.9733838779256
combined_cube.fits[0],none,20,log,8,1.5,0.1,3.0,0.2,2.0,0.2,2.0,0.412,3958127.817522704,-1.3434159559093226,357.4049255740152
combined_cube.fits[0],none,20,log,8,1.5,0.1,3.0,0.2,2.0,0.2,3.0,0.3922,4545632.738979533,-1.5763243056437328,393.5686210234689
combined_cube.fits[0],none,20,log,8,1.5,0.1,3.0,0.2,5.0,0.1,1.0,0.4757,2603451.932052311,-1.150129971407533,308.4384731182233
combined_cube.fits[0],none,20,log,8,1.5,0.1,3.0,0.2,5.0,0.1,2.0,0.7023,830880.223459134,0.4038206189809567,161.01427625653716
combined_cube.fits[0],none,20,log,8,1.5,0.1,3.0,0.2,5.0,0.1,3.0,0.4805,2666680.428969591,-0.49497234004201723,258.5373630298891
combined_cube.fits[0],none,20,log,8,1.5,0.1,3.0,0.2,5.0,0.2,2.0,0.5855,1497475.7250223,-0.13985178251721858,207.22799807930534
combined_cube.fits[0],none,20,log,8,1.5,0.5,1.0,0.1,1.0,0.1,1.0,0.3672,4967512.161506841,-2.872027481821338,489.384665350966
combined_cube.fits[0],none,20,log,8,1.5,0.5,1.0,0.1,1.0,0.1,2.0,0.4339,3352252.4982706127,-1.2805990851183682,360.4567443861105
combined_cube.fits[0],none,20,log,8,1.5,0.5,1.0,0.1,1.0,0.1,3.0,0.369,4902755.11304802,-2.7758564200494282,483.9908504295071
combined_cube.fits[0],none,20,log,8,1.5,0.5,1.0,0.1,1.0,0.2,2.0,0.3529,5559697.19168497,-3.79218536750726,541.4927059737273
combined_cube.fits[0],none,20,log,8,1.5,0.5,1.0,0.1,2.0,0.1,1.0,0.4856,2664041.9314139714,-0.53843440533091,280.1733339031441
combined_cube.fits[0],none,20,log,8,1.5,0.5,1.0,0.1,2.0,0.1,2.0,0.5638,1642541.841671103,-0.46099235283358625,239.94809715490894
combined_cube.fits[0],none,20,log,8,1.5,0.5,1.0,0.1,2.0,0.1,3.0,0.4557,3169824.55125385,-0.8788988400661382,332.1767821560099
combined_cube.fits[0],none,20,log,8,1.5,0.5,1.0,0.1,2.0,0.2,1.0,0.4348,3162046.470109338,-1.6524478112139132,365.32069034825224
combined_cube.fits[0],none,20,log,8,1.5,0.5,1.0,0.1,2.0,0.2,2.0,0.4231,3477392.2223868323,-1.5329946426282535,373.5840758054377
combined_cube.fits[0],none,20,log,8,1.5,0.5,1.0,0.1,2.0,0.2,3.0,0.4574,3003354.3821800486,-0.9504005464404465,323.6707058170207
combined_cube.fits[0],none,20,log,8,1.5,0.5,1.0,0.1,5.0,0.1,1.0,0.5261,1949106.5450028146,-0.8774941383216124,282.54067177137455
combined_cube.fits[0],none,20,log,8,1.5,0.5,1.0,0.1,5.0,0.2,1.0,0.4813,2831719.0258743824,-0.686662390099948,316.221275406612
combined_cube.fits[0],none,20,log,8,1.5,0.5,1.0,0.1,5.0,0.2,2.0,0.5525,1769363.401639312,-0.3159759408970533,230.006829257029
combined_cube.fits[0],none,20,log,8,1.5,0.5,1.0,0.1,5.0,0.2,3.0,0.7123,806984.6067755775,0.46823674743744287,160.1346841324607
combined_cube.fits[0],none,20,log,8,1.5,0.5,1.0,0.2,1.0,0.1,1.0,0.3566,5380810.690214919,-3.826570133999899,537.1061345871962
combined_cube.fits[0],none,20,log,8,1.5,0.5,1.0,0.2,1.0,0.1,2.0,0.4918,2494564.9689956163,-0.5797402947816239,272.1043939438126
combined_cube.fits[0],none,20,log,8,1.5,0.5,1.0,0.2,1.0,0.1,3.0,0.8516,359926.0104946867,0.6509357709690682,149.9989912168112
combined_cube.fits[0],none,20,log,8,1.5,0.5,1.0,0.2,1.0,0.2,1.0,0.3682,4905076.446138382,-3.1648395874603343,495.6545829947558
combined_cube.fits[0],none,20,log,8,1.5,0.5,1.0,0.2,1.0,0.2,2.0,0.3808,4504268.49355534,-2.426534563891299,455.8652611613558
combined_cube.fits[0],none,20,log,8,1.5,0.5,1.0,0.2,1.0,0.2,3.0,0.4273,3505201.6986694704,-1.344275829703334,373.0910497584503
combined_cube.fits[0],none,20,log,8,1.5,0.5,1.0,0.2,2.0,0.1,2.0,0.4418,3302331.4326759647,-1.1145447685596686,351.26631372608705
combined_cube.fits[0],none,20,log,8,1.5,0.5,1.0,0.2,2.0,0.1,3.0,0.5024,2345853.546986909,-0.5094176548798004,261.8290773404543
combined_cube.fits[0],none,20,log,8,1.5,0.5,1.0,0.2,2.0,0.2,1.0,0.4112,3763782.956003481,-1.650471504139991,394.59541710094385
combined_cube.fits[0],none,20,log,8,1.5,0.5,1.0,0.2,2.0,0.2,3.0,0.7425,673425.598061261,0.3484124636774593,160.41144410790884
combined_cube.fits[0],none,20,log,8,1.5,0.5,1.0,0.2,5.0,0.1,1.0,0.4139,3540490.378525114,-2.237682499263728,407.67853636557345
combined_cube.fits[0],none,20,log,8,1.5,0.5,1.0,0.2,5.0,0.1,2.0,0.598,1407465.142943076,-0.0869932731436256,202.95645301808838
combined_cube.fits[0],none,20,log,8,1.5,0.5,1.0,0.2,5.0,0.1,3.0,0.7862,527850.5013887514,0.4970762476733592,152.20201688735872
combined_cube.fits[0],none,20,log,8,1.5,0.5,1.0,0.2,5.0,0.2,1.0,0.5792,1528543.9939753828,-0.33250378246755574,226.0519879313867
combined_cube.fits[0],none,20,log,8,1.5,0.5,1.0,0.2,5.0,0.2,2.0,0.59,1465479.7963755263,-0.11452264418714406,206.26278243983373
combined_cube.fits[0],none,20,log,8,1.5,0.5,1.0,0.2,5.0,0.2,3.0,0.599,1415708.31013734,0.07497290877778924,189.1648874597736
combined_cube.fits[0],none,20,log,8,1.5,0.5,2.0,0.1,1.0,0.1,1.0,0.3422,6118777.961843489,-4.916321471404258,608.8575092538238
combined_cube.fits[0],none,20,log,8,1.5,0.5,2.0,0.1,1.0,0.1,2.0,0.3891,4263571.097289634,-2.201597388819389,436.51303199486205
combined_cube.fits[0],none,20,log,8,1.5,0.5,2.0,0.1,1.0,0.1,3.0,0.9564,162953.4213325718,0.7145809879717615,141.25020325362595
combined_cube.fits[0],none,20,log,8,1.5,0.5,2.0,0.1,1.0,0.2,1.0,0.3892,4203613.537156086,-2.5281724876031446,444.0854641058562
combined_cube.fits[0],none,20,log,8,1.5,0.5,2.0,0.1,1.0,0.2,2.0,0.4243,3557112.068326035,-1.3886586528532312,377.0081302989811
combined_cube.fits[0],none,20,log,8,1.5,0.5,2.0,0.1,1.0,0.2,3.0,0.4051,3930744.735127224,-1.7092943669546865,407.45669558267053
combined_cube.fits[0],none,20,log,8,1.5,0.5,2.0,0.1,2.0,0.1,1.0,0.4063,3803665.213508021,-1.9049797815734182,402.21563538270294
combined_cube.fits[0],none,20,log,8,1.5,0.5,2.0,0.1,2.0,0.1,2.0,0.472,2731027.4480946274,-0.8556511855817315,304.5733568263604
combined_cube.fits[0],none,20,log,8,1.5,0.5,2.0,0.1,2.0,0.1,3.0,0.4684,2809291.096527238,-0.8535724402731115,307.0294418817979
combined_cube.fits[0],none,20,log,8,1.5,0.5,2.0,0.1,2.0,0.2,1.0,0.4157,3633364.0715111755,-1.6392775559629051,385.10283942292557
combined_cube.fits[0],none,20,log,8,1.5,0.5,2.0,0.1,2.0,0.2,2.0,0.4525,3113267.7078121733,-0.9849563168837061,331.5727988995396
combined_cube.fits[0],none,20,log,8,1.5,0.5,2.0,0.1,2.0,0.2,3.0,0.3974,4046510.150894914,-2.003730067399365,418.97787279505394
combined_cube.fits[0],none,20,log,8,1.5,0.5,2.0,0.1,5.0,0.1,2.0,0.9653,328030.36124572816,-0.44672460310834317,292.8773934079509
combined_cube.fits[0],none,20,log,8,1.5,0.5,2.0,0.1,5.0,0.1,3.0,0.8287,416390.2621682808,0.4434902769411092,154.28292751369582
combined_cube.fits[0],none,20,log,8,1.5,0.5,2.0,0.1,5.0,0.2,1.0,0.6673,995551.9212145973,0.07995366599402187,182.96108205234722
combined_cube.fits[0],none,20,log,8,1.5,0.5,2.0,0.1,5.0,0.2,2.0,0.6984,855686.1353026831,-0.17068081208154645,204.02086932069773
combined_cube.fits[0],none,20,log,8,1.5,0.5,2.0,0.1,5.0,0.2,3.0,0.6336,1187205.096369234,0.15308210666812674,179.63303563665463
combined_cube.fits[0],none,20,log,8,1.5,0.5,2.0,0.2,1.0,0.1,1.0,0.4078,3858824.9873032933,-1.6801309881348458,401.75384277863213
combined_cube.fits[0],none,20,log,8,1.5,0.5,2.0,0.2,1.0,0.1,2.0,0.4124,3729220.069784453,-1.647087940563719,391.6658886369379
combined_cube.fits[0],none,20,log,8,1.5,0.5,2.0,0.2,1.0,0.1,3.0,0.3354,6530555.612895375,-5.445368423036157,646.1847328631061
combined_cube.fits[0],none,20,log,8,1.5,0.5,2.0,0.2,1.0,0.2,1.0,0.3003,9463468.578748202,-15.823103426403561,1416.0907633104755
combined_cube.fits[0],none,20,log,8,1.5,0.5,2.0,0.2,1.0,0.2,3.0,0.412,3780150.021289554,-1.597046449573309,395.82974679554377
combined_cube.fits[0],none,20,log,8,1.5,0.5,2.0,0.2,2.0,0.1,1.0,0.3596,5239851.279405812,-4.093984876889495,545.6954093329294
combined_cube.fits[0],none,20,log,8,1.5,0.5,2.0,0.2,2.0,0.1,2.0,0.5253,2351663.765066989,-0.4216539581031245,273.7183446407018
combined_cube.fits[0],none,20,log,8,1.5,0.5,2.0,0.2,2.0,0.1,3.0,0.4702,2795204.578622445,-0.8139630180767696,302.7154689840146
combined_cube.fits[0],none,20,log,8,1.5,0.5,2.0,0.2,2.0,0.2,1.0,0.3676,4934944.242952699,-3.1396499291075006,495.9697864102508
combined_cube.fits[0],none,20,log,8,1.5,0.5,2.0,0.2,2.0,0.2,2.0,0.4131,3587660.6714448933,-2.0697232361379103,399.9247462830717
combined_cube.fits[0],none,20,log,8,1.5,0.5,2.0,0.2,2.0,0.2,3.0,0.4906,2541073.106935026,-0.5425222519339786,271.5233567597281
combined_cube.fits[0],none,20,log,8,1.5,0.5,2.0,0.2,5.0,0.1,1.0,0.4978,2204033.9903819147,-1.3745134199173352,323.197271779104
combined_cube.fits[0],none,20,log,8,1.5,0.5,2.0,0.2,5.0,0.1,2.0,0.5055,2234324.077451319,-0.7064151753418159,276.08435675872505
combined_cube.fits[0],none,20,log,8,1.5,0.5,2.0,0.2,5.0,0.1,3.0,0.5673,1662612.0245311225,-0.10363942783055488,208.90641530301707
combined_cube.fits[0],none,20,log,8,1.5,0.5,2.0,0.2,5.0,0.2,1.0,0.4747,2544481.445706798,-1.214812056797359,320.2537916572074
combined_cube.fits[0],none,20,log,8,1.5,0.5,2.0,0.2,5.0,0.2,3.0,0.5557,1748693.6558224028,-0.2634837280839252,225.1160348359666
combined_cube.fits[0],none,20,log,8,1.5,0.5,3.0,0.1,1.0,0.1,1.0,0.3263,7158614.491170091,-7.519372107910868,780.9049428796502
combined_cube.fits[0],none,20,log,8,1.5,0.5,3.0,0.1,1.0,0.1,2.0,0.338,6367568.544303869,-5.125753115541188,625.2515283455534
combined_cube.fits[0],none,20,log,8,1.5,0.5,3.0,0.1,1.0,0.1,3.0,0.4046,3915995.264556174,-1.7619697666465215,406.337402098135
combined_cube.fits[0],none,20,log,8,1.5,0.5,3.0,0.1,1.0,0.2,1.0,0.3651,5030075.012877104,-3.266893093900548,503.95020305359844
combined_cube.fits[0],none,20,log,8,1.5,0.5,3.0,0.1,1.0,0.2,2.0,0.3718,4794063.819397583,-2.812420793104409,480.0764983708917
combined_cube.fits[0],none,20,log,8,1.5,0.5,3.0,0.1,1.0,0.2,3.0,0.3888,4294546.28539891,-2.130162500398616,437.2193025283993
combined_cube.fits[0],none,20,log,8,1.5,0.5,3.0,0.1,2.0,0.1,1.0,0.2718,11959022.88736775,-35.00733185971606,3271.21040965098
combined_cube.fits[0],none,20,log,8,1.5,0.5,3.0,0.1,2.0,0.1,2.0,0.4434,3136359.2330657225,-1.226456140387438,345.3092340155854
combined_cube.fits[0],none,20,log,8,1.5,0.5,3.0,0.1,2.0,0.1,3.0,0.5803,1534955.2124176386,-0.4494816617712269,277.8597220289312
combined_cube.fits[0],none,20,log,8,1.5,0.5,3.0,0.1,2.0,0.2,1.0,0.4333,3255987.58877887,-1.4605199277874177,359.8641138939791
combined_cube.fits[0],none,20,log,8,1.5,0.5,3.0,0.1,2.0,0.2,2.0,0.4922,2523391.9989628852,-0.5196564080192312,269.1694726278523
combined_cube.fits[0],none,20,log,8,1.5,0.5,3.0,0.1,2.0,0.2,3.0,0.5364,1949888.3003291853,-0.29063065628838003,231.36589892272096
combined_cube.fits[0],none,20,log,8,1.5,0.5,3.0,0.1,5.0,0.1,2.0,0.6535,1063709.296454637,-0.03905990408723788,194.11472704506397
combined_cube.fits[0],none,20,log,8,1.5,0.5,3.0,0.1,5.0,0.1,3.0,0.5212,2054944.824724177,-0.6205622592667691,263.53440324275766
combined_cube.fits[0],none,20,log,8,1.5,0.5,3.0,0.1,5.0,0.2,1.0,0.5745,1544619.2994669592,-0.5782193501150642,249.28443985222248
combined_cube.fits[0],none,20,log,8,1.5,0.5,3.0,0.1,5.0,0.2,2.0,0.4904,2376943.2967185974,-0.953607680868336,298.74915997775037
combined_cube.fits[0],none,20,log,8,1.5,0.5,3.0,0.1,5.0,0.2,3.0,0.6288,1204371.1289078805,-0.0538277127345511,197.38524261673336
combined_cube.fits[0],none,20,log,8,1.5,0.5,3.0,0.2,1.0,0.1,1.0,0.3091,8602411.607732102,-12.58430501320073,1161.3564072715158
combined_cube.fits[0],none,20,log,8,1.5,0.5,3.0,0.2,1.0,0.1,2.0,0.428,3530016.0214497773,-1.3118114477976814,374.8031071318348
combined_cube.fits[0],none,20,log,8,1.5,0.5,3.0,0.2,1.0,0.2,1.0,0.3097,8558316.751641659,-11.712902405309103,1093.7945487392255
combined_cube.fits[0],none,20,log,8,1.5,0.5,3.0,0.2,1.0,0.2,2.0,0.3676,4911973.956331376,-3.5159511599651108,508.56038834567795
combined_cube.fits[0],none,20,log,8,1.5,0.5,3.0,0.2,1.0,0.2,3.0,0.4189,3632951.0296374448,-1.4944428807117902,382.99233365390626
combined_cube.fits[0],none,20,log,8,1.5,0.5,3.0,0.2,2.0,0.1,1.0,0.4173,3534032.885666221,-1.8020721885736561,385.8517884919107
combined_cube.fits[0],none,20,log,8,1.5,0.5,3.0,0.2,2.0,0.1,3.0,0.486,2557507.87580735,-0.6685043262438373,281.46521435225065
combined_cube.fits[0],none,20,log,8,1.5,0.5,3.0,0.2,2.0,0.2,1.0,0.329,6956117.061144808,-7.677090528242318,789.6439114426768
combined_cube.fits[0],none,20,log,8,1.5,0.5,3.0,0.2,2.0,0.2,2.0,0.4456,3093822.5583730587,-1.2072291155155135,342.33348539842785
combined_cube.fits[0],none,20,log,8,1.5,0.5,3.0,0.2,2.0,0.2,3.0,0.4548,3003177.3850290864,-1.0300106492281809,329.61490367987494
combined_cube.fits[0],none,20,log,8,1.5,0.5,3.0,0.2,5.0,0.1,1.0,0.6078,1333732.0624017727,-0.15851066171070813,208.10259840407264
combined_cube.fits[0],none,20,log,8,1.5,0.5,3.0,0.2,5.0,0.1,2.0,0.5762,1570633.689304838,-0.1950196043415432,215.2825939556031
combined_cube.fits[0],none,20,log,8,1.5,0.5,3.0,0.2,5.0,0.2,1.0,0.6048,1349343.54566113,-0.2260144603597314,213.87980367616996
combined_cube.fits[0],none,20,log,8,1.5,0.5,3.0,0.2,5.0,0.2,2.0,0.4785,2437859.8488893537,-1.5184035870498107,337.7798018599926
combined_cube.fits[0],none,20,log,8,1.5,0.8,1.0,0.1,1.0,0.1,1.0,0.3045,9030673.354902498,-14.801344427963606,1334.6010648357346
combined_cube.fits[0],none,20,log,8,1.5,0.8,1.0,0.1,1.0,0.1,2.0,0.4771,2748430.991410759,-0.6791074221742629,296.61337566597774
combined_cube.fits[0],none,20,log,8,1.5,0.8,1.0,0.1,1.0,0.1,3.0,0.3182,7818820.146578703,-9.001772082389085,888.8651317283266
combined_cube.fits[0],none,20,log,8,1.5,0.8,1.0,0.1,1.0,0.2,1.0,0.3368,6450244.797305573,-5.414156344855887,641.844165059628
combined_cube.fits[0],none,20,log,8,1.5,0.8,1.0,0.1,1.0,0.2,2.0,0.452,3010378.972358807,-1.0613789717448454,333.3219325271834
combined_cube.fits[0],none,20,log,8,1.5,0.8,1.0,0.1,1.0,0.2,3.0,0.4786,2728078.249769161,-0.6613249412805976,294.6161329022022
combined_cube.fits[0],none,20,log,8,1.5,0.8,1.0,0.1,2.0,0.1,1.0,0.3797,4481247.233285087,-2.8964968798364046,469.53173694399396
combined_cube.fits[0],none,20,log,8,1.5,0.8,1.0,0.1,2.0,0.1,2.0,0.4865,2341295.299577707,-1.2582321160307757,317.6935187370303
combined_cube.fits[0],none,20,log,8,1.5,0.8,1.0,0.1,2.0,0.1,3.0,0.7194,760696.8381417358,0.3970975941637594,159.1998108271159
combined_cube.fits[0],none,20,log,8,1.5,0.8,1.0,0.1,2.0,0.2,1.0,0.3751,4634169.9236957785,-3.164005151869598,484.8145144368402
combined_cube.fits[0],none,20,log,8,1.5,0.8,1.0,0.1,2.0,0.2,2.0,0.4215,3474084.3074714355,-1.5721550482880038,375.6005503924679
combined_cube.fits[0],none,20,log,8,1.5,0.8,1.0,0.1,2.0,0.2,3.0,0.4703,2746809.1198021164,-0.8418598802616869,305.60842774004874
combined_cube.fits[0],none,20,log,8,1.5,0.8,1.0,0.1,5.0,0.1,1.0,0.5252,1908901.3363626008,-1.135856592891244,300.8276985783381
combined_cube.fits[0],none,20,log,8,1.5,0.8,1.0,0.1,5.0,0.1,2.0,0.5996,1391210.8181974085,-0.024554687311727833,198.84415651259138
combined_cube.fits[0],none,20,log,8,1.5,0.8,1.0,0.1,5.0,0.1,3.0,0.6038,1373821.339642583,0.09072137548971472,189.55425300831234
combined_cube.fits[0],none,20,log,8,1.5,0.8,1.0,0.1,5.0,0.2,1.0,0.5815,1494009.5730054309,-0.35562281391924216,228.7622189550133
combined_cube.fits[0],none,20,log,8,1.5,0.8,1.0,0.1,5.0,0.2,2.0,0.643,1132526.652556001,0.24690534895928798,176.16001522255465
combined_cube.fits[0],none,20,log,8,1.5,0.8,1.0,0.1,5.0,0.2,3.0,0.7293,721013.541566907,0.19324837435772824,172.71101741645379
combined_cube.fits[0],none,20,log,8,1.5,0.8,1.0,0.2,1.0,0.1,1.0,0.4154,3660683.0714229736,-1.5518978980615434,387.98083249676546
combined_cube.fits[0],none,20,log,8,1.5,0.8,1.0,0.2,1.0,0.1,2.0,0.3753,4663217.946467235,-2.68842178006538,470.0771560350765
combined_cube.fits[0],none,20,log,8,1.5,0.8,1.0,0.2,1.0,0.1,3.0,0.3894,4258429.174345176,-2.110490796204177,435.8613149976255
combined_cube.fits[0],none,20,log,8,1.5,0.8,1.0,0.2,1.0,0.2,1.0,0.3548,5468916.730506233,-4.0165571939097955,546.986689958387
combined_cube.fits[0],none,20,log,8,1.5,0.8,1.0,0.2,1.0,0.2,2.0,0.3304,6879038.852672984,-6.085658898163034,688.2173137721463
combined_cube.fits[0],none,20,log,8,1.5,0.8,1.0,0.2,1.0,0.2,3.0,0.4774,2720854.005405391,-0.6864320896099931,294.0249190259001
combined_cube.fits[0],none,20,log,8,1.5,0.8,1.0,0.2,2.0,0.1,1.0,0.3444,6001267.0258203065,-4.954579948755438,607.7180809982254
combined_cube.fits[0],none,20,log,8,1.5,0.8,1.0,0.2,2.0,0.1,2.0,0.4354,3238424.912414874,-1.3212290473091504,354.65851968053914
combined_cube.fits[0],none,20,log,8,1.5,0.8,1.0,0.2,2.0,0.1,3.0,0.4582,2947610.382793338,-0.9568484444765867,323.59485372026836
combined_cube.fits[0],none,20,log,8,1.5,0.8,1.0,0.2,2.0,0.2,1.0,0.5118,2063691.533257006,-1.0206127220141938,295.16850925715846
combined_cube.fits[0],none,20,log,8,1.5,0.8,1.0,0.2,2.0,0.2,2.0,0.3376,6370405.913499477,-7.451643525526823,774.3062473201965
combined_cube.fits[0],none,20,log,8,1.5,0.8,1.0,0.2,2.0,0.2,3.0,0.4254,3441119.7619392043,-1.4309868638651768,369.9540906654304
combined_cube.fits[0],none,20,log,8,1.5,0.8,1.0,0.2,5.0,0.1,1.0,0.5601,1628870.437778105,-0.7314017983017465,264.4497426942179
combined_cube.fits[0],none,20,log,8,1.5,0.8,1.0,0.2,5.0,0.1,2.0,0.5191,2075531.3325478095,-0.5513900060657764,259.27577318807266
combined_cube.fits[0],none,20,log,8,1.5,0.8,1.0,0.2,5.0,0.1,3.0,0.5999,1392079.5296116576,0.0033128587016411247,196.42585540795542
combined_cube.fits[0],none,20,log,8,1.5,0.8,1.0,0.2,5.0,0.2,1.0,0.9651,150557.92050620713,0.7120904738187919,140.82251971941608
combined_cube.fits[0],none,20,log,8,1.5,0.8,1.0,0.2,5.0,0.2,2.0,0.5781,1531207.891168909,-0.2683180842888265,222.28329833070407
combined_cube.fits[0],none,20,log,8,1.5,0.8,1.0,0.2,5.0,0.2,3.0,0.5432,1857226.2277913268,-0.29122064003578124,231.41814926059152
combined_cube.fits[0],none,20,log,8,1.5,0.8,2.0,0.1,1.0,0.1,1.0,0.3169,7907815.591557567,-10.372199042640675,990.7562309695514
combined_cube.fits[0],none,20,log,8,1.5,0.8,2.0,0.1,1.0,0.1,2.0,0.3721,4800942.004660841,-2.5576028187476627,473.6667216614173
combined_cube.fits[0],none,20,log,8,1.5,0.8,2.0,0.1,1.0,0.2,1.0,0.33,6907561.540829063,-6.3102910854449386,701.4639004085994
combined_cube.fits[0],none,20,log,8,1.5,0.8,2.0,0.1,1.0,0.2,2.0,0.3439,6035283.9724569665,-4.499250252005231,584.7349517174389
combined_cube.fits[0],none,20,log,8,1.5,0.8,2.0,0.1,1.0,0.2,3.0,0.3839,4387714.2802385315,-2.400056064575853,448.6509687197185
combined_cube.fits[0],none,20,log,8,1.5,0.8,2.0,0.1,2.0,0.1,1.0,0.3998,3901373.5780166266,-2.2681771127551706,421.11225893222985
combined_cube.fits[0],none,20,log,8,1.5,0.8,2.0,0.1,2.0,0.1,3.0,0.5885,1490817.2517353613,0.052283360221461544,195.32969996420036
combined_cube.fits[0],none,20,log,8,1.5,0.8,2.0,0.1,2.0,0.2,1.0,0.3872,4215165.869399181,-3.059630664018036,468.28042992011206
combined_cube.fits[0],none,20,log,8,1.5,0.8,2.0,0.1,2.0,0.2,2.0,0.387,4292167.626597461,-2.334521225046361,441.92639557832234
combined_cube.fits[0],none,20,log,8,1.5,0.8,2.0,0.1,2.0,0.2,3.0,0.4543,2983810.0169150676,-1.0232335870504201,329.54265388053227
combined_cube.fits[0],none,20,log,8,1.5,0.8,2.0,0.1,5.0,0.1,1.0,0.5399,1790493.163608827,-0.9013116937260757,281.37993102308116
combined_cube.fits[0],none,20,log,8,1.5,0.8,2.0,0.1,5.0,0.1,2.0,0.6308,1180954.8372547254,-0.05614002161141773,198.4452366055864
combined_cube.fits[0],none,20,log,8,1.5,0.8,2.0,0.1,5.0,0.1,3.0,0.709,801346.3150716375,0.04082383735078892,185.9041956562481
combined_cube.fits[0],none,20,log,8,1.5,0.8,2.0,0.1,5.0,0.2,1.0,0.5731,1560431.7484229673,-0.36660333874730117,230.9823763943121
combined_cube.fits[0],none,20,log,8,1.5,0.8,2.0,0.1,5.0,0.2,2.0,0.5481,1841237.7045812937,-0.13869192871885633,218.19671630085193
combined_cube.fits[0],none,20,log,8,1.5,0.8,2.0,0.1,5.0,0.2,3.0,0.5603,1702128.0796419224,-0.18492863622552,218.9131808430088
combined_cube.fits[0],none,20,log,8,1.5,0.8,2.0,0.2,1.0,0.1,1.0,0.3431,6078200.558292259,-4.903200850912971,606.4410762009416
combined_cube.fits[0],none,20,log,8,1.5,0.8,2.0,0.2,1.0,0.1,2.0,0.3999,3979072.1805178695,-1.8867713617366981,413.66900497873456
combined_cube.fits[0],none,20,log,8,1.5,0.8,2.0,0.2,1.0,0.1,3.0,0.3958,4090803.0762639097,-1.948975305118127,422.1969952176309
combined_cube.fits[0],none,20,log,8,1.5,0.8,2.0,0.2,1.0,0.2,1.0,0.334,6633491.167419097,-5.886799061126554,672.3324507511873
combined_cube.fits[0],none,20,log,8,1.5,0.8,2.0,0.2,1.0,0.2,2.0,0.4199,3554454.7848806703,-1.5014013519498355,379.2102370302156
combined_cube.fits[0],none,20,log,8,1.5,0.8,2.0,0.2,1.0,0.2,3.0,0.3837,4404933.972138109,-2.3376340013893198,448.3382307789905
combined_cube.fits[0],none,20,log,8,1.5,0.8,2.0,0.2,2.0,0.1,1.0,0.4717,2639433.0998738557,-0.9765823855437047,310.2514127765013
combined_cube.fits[0],none,20,log,8,1.5,0.8,2.0,0.2,2.0,0.1,2.0,0.5696,1629454.6238459484,-0.09763215556978315,209.57763127540883
combined_cube.fits[0],none,20,log,8,1.5,0.8,2.0,0.2,2.0,0.1,3.0,0.4487,3062022.4383298387,-1.1009552236507072,338.0637323728655
combined_cube.fits[0],none,20,log,8,1.5,0.8,2.0,0.2,2.0,0.2,1.0,0.4292,3352716.454843654,-1.4013399087967302,363.6974762170041
combined_cube.fits[0],none,20,log,8,1.5,0.8,2.0,0.2,2.0,0.2,2.0,0.4987,2323822.9611499463,-0.6568351374831588,275.566300785899
combined_cube.fits[0],none,20,log,8,1.5,0.8,2.0,0.2,2.0,0.2,3.0,0.4366,3239994.9085752335,-1.2724409841273545,353.6630896373538
combined_cube.fits[0],none,20,log,8,1.5,0.8,2.0,0.2,5.0,0.1,1.0,0.3872,4189966.524516886,-3.605620426652344,499.39971817790155
combined_cube.fits[0],none,20,log,8,1.5,0.8,2.0,0.2,5.0,0.1,2.0,0.7928,512035.4156470053,0.38428489043126934,158.23325145443718
combined_cube.fits[0],none,20,log,8,1.5,0.8,2.0,0.2,5.0,0.1,3.0,0.4613,2856632.8166314806,-0.9688607453326088,319.6730849187333
combined_cube.fits[0],none,20,log,8,1.5,0.8,2.0,0.2,5.0,0.2,1.0,0.5317,1882115.0926640232,-0.8002812591786275,275.29339491048
combined_cube.fits[0],none,20,log,8,1.5,0.8,2.0,0.2,5.0,0.2,2.0,0.6185,1262477.5608216138,0.00819504489680137,194.2111151212884
combined_cube.fits[0],none,20,log,8,1.5,0.8,2.0,0.2,5.0,0.2,3.0,0.5739,1590443.8439379213,-0.09735379604650005,208.81037890915192
combined_cube.fits[0],none,20,log,8,1.5,0.8,3.0,0.1,1.0,0.1,1.0,0.4339,3329849.617843917,-1.265220038179453,360.3188956902531
combined_cube.fits[0],none,20,log,8,1.5,0.8,3.0,0.1,1.0,0.1,2.0,0.3699,4862795.392711568,-2.7696904929711517,481.5789977512806
combined_cube.fits[0],none,20,log,8,1.5,0.8,3.0,0.1,1.0,0.1,3.0,0.3792,4554173.277081155,-2.406878747180401,458.27338942760116
combined_cube.fits[0],none,20,log,8,1.5,0.8,3.0,0.1,1.0,0.2,1.0,0.3201,7661719.694014647,-8.44880093150728,848.8987093579195
combined_cube.fits[0],none,20,log,8,1.5,0.8,3.0,0.1,1.0,0.2,2.0,0.3479,5817797.3678366495,-4.099690181274909,560.8120322740443
combined_cube.fits[0],none,20,log,8,1.5,0.8,3.0,0.1,1.0,0.2,3.0,0.4906,2504015.7631544312,-0.5812992933830144,275.6994199838236
combined_cube.fits[0],none,20,log,8,1.5,0.8,3.0,0.1,2.0,0.1,1.0,0.3605,5209462.597396146,-3.7001359741302355,525.1221143841094
combined_cube.fits[0],none,20,log,8,1.5,0.8,3.0,0.1,2.0,0.1,2.0,0.4415,3132347.5053550364,-1.2453105094407766,346.5022126878247
combined_cube.fits[0],none,20,log,8,1.5,0.8,3.0,0.1,2.0,0.1,3.0,0.4721,2711462.624442086,-0.8349214125347187,303.67541402819484
combined_cube.fits[0],none,20,log,8,1.5,0.8,3.0,0.1,2.0,0.2,3.0,0.4764,2704483.0415775846,-0.7230840833852085,294.7289961338524
combined_cube.fits[0],none,20,log,8,1.5,0.8,3.0,0.1,5.0,0.1,1.0,0.4829,2433107.6462670136,-1.0472185390517934,306.43018493256915
combined_cube.fits[0],none,20,log,8,1.5,0.8,3.0,0.1,5.0,0.1,2.0,0.5619,1665676.0306606994,-0.30924141608735933,228.55007784444027
combined_cube.fits[0],none,20,log,8,1.5,0.8,3.0,0.1,5.0,0.1,3.0,0.6121,1306465.28783666,0.02156084455835657,193.64196684950886
combined_cube.fits[0],none,20,log,8,1.5,0.8,3.0,0.1,5.0,0.2,1.0,0.457,2744583.5212446665,-1.5365296260428434,346.7172978338899
combined_cube.fits[0],none,20,log,8,1.5,0.8,3.0,0.1,5.0,0.2,3.0,0.5565,1740142.7323246913,-0.18114282331202616,219.19704687120787
combined_cube.fits[0],none,20,log,8,1.5,0.8,3.0,0.2,1.0,0.1,1.0,0.3214,7556083.84953043,-8.215977208330512,831.6994911105235
combined_cube.fits[0],none,20,log,8,1.5,0.8,3.0,0.2,1.0,0.1,2.0,0.4543,3149115.9442453636,-0.9327203183824879,339.0107450277765
combined_cube.fits[0],none,20,log,8,1.5,0.8,3.0,0.2,1.0,0.1,3.0,0.4017,3970157.8435731735,-1.7771737933522183,412.33852412442184
combined_cube.fits[0],none,20,log,8,1.5,0.8,3.0,0.2,1.0,0.2,1.0,0.6159,1309761.2510658405,0.1876259834951857,187.3530431263211
combined_cube.fits[0],none,20,log,8,1.5,0.8,3.0,0.2,1.0,0.2,2.0,0.3634,5105127.968353136,-3.1288057460108396,501.48840794682974
combined_cube.fits[0],none,20,log,8,1.5,0.8,3.0,0.2,1.0,0.2,3.0,0.4157,3653241.0277156737,-1.5502398596294649,387.3458502735038
combined_cube.fits[0],none,20,log,8,1.5,0.8,3.0,0.2,2.0,0.1,2.0,0.3831,4418713.8428071765,-2.3765956011263873,449.89442712639146
combined_cube.fits[0],none,20,log,8,1.5,0.8,3.0,0.2,2.0,0.2,1.0,0.3573,5344555.336409386,-4.213166878059691,553.7494093662481
combined_cube.fits[0],none,20,log,8,1.5,0.8,3.0,0.2,2.0,0.2,2.0,0.4233,3458678.82370714,-1.4997993390133406,372.8570589790003
combined_cube.fits[0],none,20,log,8,1.5,0.8,3.0,0.2,2.0,0.2,3.0,0.5584,1747998.9543956704,-0.07002512113279995,211.1514154538062
combined_cube.fits[0],none,20,log,8,1.5,0.8,3.0,0.2,5.0,0.1,1.0,0.5585,1627103.7074400266,-0.9230508333297414,280.3759466715242
combined_cube.fits[0],none,20,log,8,1.5,0.8,3.0,0.2,5.0,0.1,2.0,0.7126,785122.3071240898,0.18535518700091985,173.44118342309858
combined_cube.fits[0],none,20,log,8,1.5,0.8,3.0,0.2,5.0,0.1,3.0,0.8736,434218.7811148153,0.706030958130962,150.24914688640374
combined_cube.fits[0],none,20,log,8,1.5,0.8,3.0,0.2,5.0,0.2,2.0,0.5753,1580907.491506176,-0.07704290813450707,206.8296838740137
combined_cube.fits[0],none,20,log,8,1.5,0.8,3.0,0.2,5.0,0.2,3.0,0.6695,980304.5619304237,0.22393228517420413,172.23808929227283
combined_cube.fits[0],none,20,log,8,2.0,0.1,1.0,0.1,1.0,0.1,1.0,0.491,2540618.0874005333,-0.3431329687114994,242.87083803906611
combined_cube.fits[0],none,20,log,8,2.0,0.1,1.0,0.1,1.0,0.1,2.0,0.3617,5506814.529732706,-3.017437751154627,496.2592770893639
combined_cube.fits[0],none,20,log,8,2.0,0.1,1.0,0.1,1.0,0.1,3.0,0.3695,5264277.024293083,-2.411067823591715,462.82829029652174
combined_cube.fits[0],none,20,log,8,2.0,0.1,1.0,0.1,1.0,0.2,1.0,0.3584,5643748.934069972,-3.2246444331980344,509.1018935946693
combined_cube.fits[0],none,20,log,8,2.0,0.1,1.0,0.1,1.0,0.2,3.0,0.3854,4755353.703432894,-1.8549199233108542,418.5510635894899
combined_cube.fits[0],none,20,log,8,2.0,0.1,1.0,0.1,2.0,0.1,1.0,0.5945,1422060.3782422796,-0.11875996793324804,205.00659379247804
combined_cube.fits[0],none,20,log,8,2.0,0.1,1.0,0.1,2.0,0.1,2.0,0.4498,3121885.8626486277,-1.032738320694628,313.66870700382896
combined_cube.fits[0],none,20,log,8,2.0,0.1,1.0,0.1,2.0,0.1,3.0,0.4291,3648962.4048830457,-1.0044919521339355,327.5921439445518
combined_cube.fits[0],none,20,log,8,2.0,0.1,1.0,0.1,2.0,0.2,2.0,0.4439,3304829.143982898,-0.8963166985365478,308.81512948133917
combined_cube.fits[0],none,20,log,8,2.0,0.1,1.0,0.1,2.0,0.2,3.0,0.4052,4316526.676836934,-1.2349195913321447,368.5744090587687
combined_cube.fits[0],none,20,log,8,2.0,0.1,1.0,0.1,5.0,0.1,1.0,0.5861,1480795.264274849,-0.2130961915781565,213.6457700108586
combined_cube.fits[0],none,20,log,8,2.0,0.1,1.0,0.1,5.0,0.1,3.0,0.5643,1680820.5312326974,-0.060266299360769486,203.17206238301225
combined_cube.fits[0],none,20,log,8,2.0,0.1,1.0,0.1,5.0,0.2,1.0,0.5126,2081341.6984318595,-1.4041643465834686,320.6552021006521
combined_cube.fits[0],none,20,log,8,2.0,0.1,1.0,0.1,5.0,0.2,2.0,0.5502,1801885.8272110238,-0.1996894579805125,217.5738125208998
combined_cube.fits[0],none,20,log,8,2.0,0.1,1.0,0.1,5.0,0.2,3.0,0.6546,1046269.0500311614,0.1651119948080125,176.2982362762211
combined_cube.fits[0],none,20,log,8,2.0,0.1,1.0,0.2,1.0,0.1,1.0,0.321,7832348.2431460405,-9.81098419681961,947.3162580725202
combined_cube.fits[0],none,20,log,8,2.0,0.1,1.0,0.2,1.0,0.1,2.0,0.4699,2873715.197493078,-0.5117182209946336,265.5791563076818
combined_cube.fits[0],none,20,log,8,2.0,0.1,1.0,0.2,1.0,0.1,3.0,0.3899,4718161.820894542,-1.560410577256729,403.34839503261696
combined_cube.fits[0],none,20,log,8,2.0,0.1,1.0,0.2,1.0,0.2,1.0,0.3483,6091587.2225807225,-4.206382498519113,565.1078456599852
combined_cube.fits[0],none,20,log,8,2.0,0.1,1.0,0.2,1.0,0.2,2.0,0.3808,4909091.983390729,-1.955220895252891,429.6923530179662
combined_cube.fits[0],none,20,log,8,2.0,0.1,1.0,0.2,2.0,0.1,1.0,0.3076,8935482.729780065,-15.71097289059976,1410.3757703644067
combined_cube.fits[0],none,20,log,8,2.0,0.1,1.0,0.2,2.0,0.1,2.0,0.3746,5061037.529567221,-2.3052420987459503,450.66519725674266
combined_cube.fits[0],none,20,log,8,2.0,0.1,1.0,0.2,2.0,0.1,3.0,0.4183,4076093.013029632,-0.9338207815896636,341.37405983778524
combined_cube.fits[0],none,20,log,8,2.0,0.1,1.0,0.2,2.0,0.2,1.0,0.3464,6143124.484678688,-5.167847158632463,619.7374226325445
combined_cube.fits[0],none,20,log,8,2.0,0.1,1.0,0.2,2.0,0.2,2.0,0.3975,4332917.948123261,-1.740710260129944,394.6493054532763
combined_cube.fits[0],none,20,log,8,2.0,0.1,1.0,0.2,2.0,0.2,3.0,0.4207,3812141.3566340073,-1.1746929043064704,344.9155168339535
combined_cube.fits[0],none,20,log,8,2.0,0.1,1.0,0.2,5.0,0.1,1.0,0.4527,3475364.6353663723,-0.6789379381419236,314.3685056728897
combined_cube.fits[0],none,20,log,8,2.0,0.1,1.0,0.2,5.0,0.1,2.0,0.8492,350502.09082170314,0.46274926308490794,152.9697333504374
combined_cube.fits[0],none,20,log,8,2.0,0.1,1.0,0.2,5.0,0.2,1.0,0.5268,2008000.0332858863,-0.5817920283637756,253.8743193678967
combined_cube.fits[0],none,20,log,8,2.0,0.1,1.0,0.2,5.0,0.2,2.0,0.3773,5016689.082743183,-2.0747519194663995,439.3444734718001
combined_cube.fits[0],none,20,log,8,2.0,0.1,1.0,0.2,5.0,0.2,3.0,0.663,1006191.3072970611,0.2878323825262597,168.20375938747867
combined_cube.fits[0],none,20,log,8,2.0,0.1,2.0,0.1,1.0,0.1,1.0,0.404,4189543.1969608036,-1.4125223044521906,369.67317177902436
combined_cube.fits[0],none,20,log,8,2.0,0.1,2.0,0.1,1.0,0.1,2.0,0.3511,5872432.585805118,-3.717006668442539,534.2493174785373
combined_cube.fits[0],none,20,log,8,2.0,0.1,2.0,0.1,1.0,0.1,3.0,0.4273,3773732.852156962,-0.8157817471350196,315.8924376942448
combined_cube.fits[0],none,20,log,8,2.0,0.1,2.0,0.1,1.0,0.2,1.0,0.4289,3639344.1652063453,-0.9470858485752727,320.81828030233373
combined_cube.fits[0],none,20,log,8,2.0,0.1,2.0,0.1,1.0,0.2,2.0,0.4158,3928854.1031478187,-1.1551631244427847,345.7633286237627
combined_cube.fits[0],none,20,log,8,2.0,0.1,2.0,0.1,1.0,0.2,3.0,0.3856,4737285.256369142,-1.7243776598840364,408.9018066905657
combined_cube.fits[0],none,20,log,8,2.0,0.1,2.0,0.1,2.0,0.1,2.0,0.4778,2644845.6337038344,-0.7737457952435889,280.85454152907204
combined_cube.fits[0],none,20,log,8,2.0,0.1,2.0,0.1,2.0,0.1,3.0,0.4354,3471954.4423265546,-0.9295165675038389,314.42947075253477
combined_cube.fits[0],none,20,log,8,2.0,0.1,2.0,0.1,2.0,0.2,1.0,0.3493,5970720.088563995,-3.7074212100404136,536.5795993871766
combined_cube.fits[0],none,20,log,8,2.0,0.1,2.0,0.1,2.0,0.2,2.0,0.4454,3421409.855523086,-0.5999103944390308,294.0852175300513
combined_cube.fits[0],none,20,log,8,2.0,0.1,2.0,0.1,2.0,0.2,3.0,0.4443,3318251.2338282038,-0.7651416568262621,296.47883861037565
combined_cube.fits[0],none,20,log,8,2.0,0.1,2.0,0.1,5.0,0.1,2.0,0.8871,356907.54112311587,-0.1001602494898238,205.54917247777578
combined_cube.fits[0],none,20,log,8,2.0,0.1,2.0,0.1,5.0,0.1,3.0,0.5598,1732518.7862642051,-0.00960995243867248,198.96845613071
combined_cube.fits[0],none,20,log,8,2.0,0.1,2.0,0.1,5.0,0.2,1.0,0.981,132471.68492349493,0.6613802107863229,142.62012312864059
combined_cube.fits[0],none,20,log,8,2.0,0.1,2.0,0.1,5.0,0.2,2.0,0.6007,1399566.8127359638,0.11252951283928814,184.9374264695286
combined_cube.fits[0],none,20,log,8,2.0,0.1,2.0,0.1,5.0,0.2,3.0,0.4968,2426316.947658827,-0.4012333214459258,244.6429537030897
combined_cube.fits[0],none,20,log,8,2.0,0.1,2.0,0.2,1.0,0.1,1.0,0.3028,9282185.399046047,-14.435712498918386,1302.98308718158
combined_cube.fits[0],none,20,log,8,2.0,0.1,2.0,0.2,1.0,0.1,2.0,0.3994,4322007.218603289,-1.4748093161952138,378.57746977063067
combined_cube.fits[0],none,20,log,8,2.0,0.1,2.0,0.2,1.0,0.2,1.0,0.3174,7976518.006464738,-9.260737213569197,906.3548469204829
combined_cube.fits[0],none,20,log,8,2.0,0.1,2.0,0.2,1.0,0.2,2.0,0.4001,4370050.829931583,-1.3434076833671909,374.017874174664
combined_cube.fits[0],none,20,log,8,2.0,0.1,2.0,0.2,1.0,0.2,3.0,0.3819,4837588.584454414,-1.8424815537287615,418.52712153398943
combined_cube.fits[0],none,20,log,8,2.0,0.1,2.0,0.2,2.0,0.1,1.0,0.3971,4179461.476164362,-2.1410742089920385,407.38507185643687
combined_cube.fits[0],none,20,log,8,2.0,0.1,2.0,0.2,2.0,0.1,2.0,0.4118,3941523.812993536,-1.3973576580582403,359.9500030584029
combined_cube.fits[0],none,20,log,8,2.0,0.1,2.0,0.2,2.0,0.1,3.0,0.4332,3539770.594709073,-0.9090544516669988,314.67853286591986
combined_cube.fits[0],none,20,log,8,2.0,0.1,2.0,0.2,2.0,0.2,1.0,0.4003,4126567.896838923,-1.9317845793292783,394.6032331953175
combined_cube.fits[0],none,20,log,8,2.0,0.1,2.0,0.2,2.0,0.2,2.0,0.3184,7897522.289524883,-8.976303199846054,885.6972000013152
combined_cube.fits[0],none,20,log,8,2.0,0.1,2.0,0.2,2.0,0.2,3.0,0.5262,2080564.7524661126,-0.12333615738143991,214.52232967713928
combined_cube.fits[0],none,20,log,8,2.0,0.1,2.0,0.2,5.0,0.1,1.0,0.5153,2106832.0326282685,-0.8691734074260177,279.6803195638376
combined_cube.fits[0],none,20,log,8,2.0,0.1,2.0,0.2,5.0,0.1,2.0,0.5412,1876318.1339324175,-0.3926187903286449,234.253541615569
combined_cube.fits[0],none,20,log,8,2.0,0.1,2.0,0.2,5.0,0.1,3.0,0.9021,257659.02343137364,0.49405555311193583,151.18183319729692
combined_cube.fits[0],none,20,log,8,2.0,0.1,2.0,0.2,5.0,0.2,1.0,0.4145,3715634.690107609,-1.9123296992543257,383.0280368868915
combined_cube.fits[0],none,20,log,8,2.0,0.1,2.0,0.2,5.0,0.2,3.0,0.5104,2409572.4572073217,-0.18919931513521188,238.75836494448674
combined_cube.fits[0],none,20,log,8,2.0,0.1,3.0,0.1,1.0,0.1,1.0,0.2959,9909114.995235365,-18.754522313840013,1660.6397212270508
combined_cube.fits[0],none,20,log,8,2.0,0.1,3.0,0.1,1.0,0.1,2.0,0.5529,1894996.44224896,0.04161659090141237,208.30997964285166
combined_cube.fits[0],none,20,log,8,2.0,0.1,3.0,0.1,1.0,0.1,3.0,0.371,5185511.515109153,-2.1651931719130344,446.5911665158969
combined_cube.fits[0],none,20,log,8,2.0,0.1,3.0,0.1,1.0,0.2,1.0,0.4417,3725386.6936335606,-0.7681953023060121,330.279640093032
combined_cube.fits[0],none,20,log,8,2.0,0.1,3.0,0.1,1.0,0.2,2.0,0.395,4484675.852856024,-1.4811346574860134,385.99900632663895
combined_cube.fits[0],none,20,log,8,2.0,0.1,3.0,0.1,1.0,0.2,3.0,0.3766,4989126.8723525135,-2.0268895620271623,433.0113738200794
combined_cube.fits[0],none,20,log,8,2.0,0.1,3.0,0.1,2.0,0.1,2.0,0.398,4296033.597247301,-1.639733357454878,385.26202424395956
combined_cube.fits[0],none,20,log,8,2.0,0.1,3.0,0.1,2.0,0.1,3.0,0.4272,3660571.9098268775,-1.0081149607908015,326.45497251636925
combined_cube.fits[0],none,20,log,8,2.0,0.1,3.0,0.1,2.0,0.2,1.0,0.3714,4990233.987919878,-2.932276167964361,473.2993205039622
combined_cube.fits[0],none,20,log,8,2.0,0.1,3.0,0.1,2.0,0.2,2.0,0.3833,4789569.799783391,-1.811237483186525,414.921599083217
combined_cube.fits[0],none,20,log,8,2.0,0.1,3.0,0.1,2.0,0.2,3.0,0.4288,3664597.762531401,-0.9103231996282637,318.6711319296131
combined_cube.fits[0],none,20,log,8,2.0,0.1,3.0,0.1,5.0,0.1,1.0,0.7718,593315.451554041,-0.0007981302662741562,189.71934589951115
combined_cube.fits[0],none,20,log,8,2.0,0.1,3.0,0.1,5.0,0.1,2.0,0.5301,2006116.7924629913,-0.3133084406171866,229.9299382612262
combined_cube.fits[0],none,20,log,8,2.0,0.1,3.0,0.1,5.0,0.1,3.0,0.6078,1363078.5872701805,0.20943610206366223,180.21523264639237
combined_cube.fits[0],none,20,log,8,2.0,0.1,3.0,0.1,5.0,0.2,1.0,0.3828,4581855.655356911,-2.65525017839546,447.8717082734429
combined_cube.fits[0],none,20,log,8,2.0,0.1,3.0,0.2,1.0,0.1,1.0,0.3689,4982080.601780754,-3.943710019864505,527.9592910545609
combined_cube.fits[0],none,20,log,8,2.0,0.1,3.0,0.2,1.0,0.1,2.0,0.3918,4510944.016280324,-1.6768724134871242,396.1984186937256
combined_cube.fits[0],none,20,log,8,2.0,0.1,3.0,0.2,1.0,0.1,3.0,0.3801,4877720.236435673,-1.9250746553473166,423.68381952453944
combined_cube.fits[0],none,20,log,8,2.0,0.1,3.0,0.2,1.0,0.2,2.0,0.3612,5475314.254577956,-2.8278735656182654,485.01954884895565
combined_cube.fits[0],none,20,log,8,2.0,0.1,3.0,0.2,1.0,0.2,3.0,0.4234,3826525.9264790565,-0.9157551118136041,324.22291784466034
combined_cube.fits[0],none,20,log,8,2.0,0.1,3.0,0.2,2.0,0.1,1.0,0.4211,3641034.7707285527,-1.5054776297969317,356.93480007487295
combined_cube.fits[0],none,20,log,8,2.0,0.1,3.0,0.2,2.0,0.1,2.0,0.3953,4349948.167956085,-1.755633074122784,393.2818040035197
combined_cube.fits[0],none,20,log,8,2.0,0.1,3.0,0.2,2.0,0.2,1.0,0.3666,5312632.201299439,-2.417802338859542,462.01259581566296
combined_cube.fits[0],none,20,log,8,2.0,0.1,3.0,0.2,2.0,0.2,2.0,0.3996,4414148.176822404,-1.310861268746339,374.56427682719686
combined_cube.fits[0],none,20,log,8,2.0,0.1,3.0,0.2,2.0,0.2,3.0,0.4198,3783611.819322718,-1.205464920134831,343.355234239282
combined_cube.fits[0],none,20,log,8,2.0,0.1,3.0,0.2,5.0,0.1,1.0,0.514,2135547.106289159,-0.7635673719433066,271.0838958343247
combined_cube.fits[0],none,20,log,8,2.0,0.1,3.0,0.2,5.0,0.1,2.0,0.6375,1162967.4399653336,0.2512594939886277,172.6157790732922
combined_cube.fits[0],none,20,log,8,2.0,0.1,3.0,0.2,5.0,0.1,3.0,0.5458,1873575.735328299,-0.031242626371637716,203.45954669833483
combined_cube.fits[0],none,20,log,8,2.0,0.1,3.0,0.2,5.0,0.2,1.0,0.8241,450008.6321629332,0.1171238282227841,181.5110688716606
combined_cube.fits[0],none,20,log,8,2.0,0.5,1.0,0.1,1.0,0.1,1.0,0.2949,10014833.841790585,-18.43436667823734,1634.810275920175
combined_cube.fits[0],none,20,log,8,2.0,0.5,1.0,0.1,1.0,0.1,2.0,0.4582,2884640.7676603114,-1.0816340572137226,326.7641265625146
combined_cube.fits[0],none,20,log,8,2.0,0.5,1.0,0.1,1.0,0.1,3.0,0.4056,3897065.7242822438,-1.7331425495674768,405.08528421334887
combined_cube.fits[0],none,20,log,8,2.0,0.5,1.0,0.1,1.0,0.2,1.0,0.312,8344712.052845653,-10.779785861518054,1022.2411574184682
combined_cube.fits[0],none,20,log,8,2.0,0.5,1.0,0.1,1.0,0.2,2.0,0.3717,4795792.524363942,-2.7884863691369755,479.7943902408817
combined_cube.fits[0],none,20,log,8,2.0,0.5,1.0,0.1,1.0,0.2,3.0,0.381,4505613.464569758,-2.3841355038878542,455.0667604381555
combined_cube.fits[0],none,20,log,8,2.0,0.5,1.0,0.1,2.0,0.1,1.0,0.3697,4821907.87477008,-3.583962158489321,509.7926359584746
combined_cube.fits[0],none,20,log,8,2.0,0.5,1.0,0.1,2.0,0.1,2.0,0.435,3238438.204295416,-1.3990176884024725,356.84909085117346
combined_cube.fits[0],none,20,log,8,2.0,0.5,1.0,0.1,2.0,0.1,3.0,0.4635,2927033.422087214,-0.8506766524640057,311.50101873686054
combined_cube.fits[0],none,20,log,8,2.0,0.5,1.0,0.1,2.0,0.2,1.0,0.3625,5121838.369598864,-3.6083740842117393,519.2641713275708
combined_cube.fits[0],none,20,log,8,2.0,0.5,1.0,0.1,2.0,0.2,3.0,0.8666,402872.9886534732,0.6942835327615438,151.86175971167862
combined_cube.fits[0],none,20,log,8,2.0,0.5,1.0,0.1,5.0,0.1,1.0,0.4834,2393380.58321445,-1.3265567544052856,323.67461740287246
combined_cube.fits[0],none,20,log,8,2.0,0.5,1.0,0.1,5.0,0.1,2.0,0.5281,2070925.3995289614,-0.2294609517963494,229.88297773417077
combined_cube.fits[0],none,20,log,8,2.0,0.5,1.0,0.1,5.0,0.1,3.0,0.5972,1449036.0121673474,0.1420183202868332,189.0759697936377
combined_cube.fits[0],none,20,log,8,2.0,0.5,1.0,0.1,5.0,0.2,1.0,0.5915,1438724.2657019098,-0.2762821298543729,219.5977884426733
combined_cube.fits[0],none,20,log,8,2.0,0.5,1.0,0.1,5.0,0.2,2.0,0.5737,1603999.88202757,-0.09134777874999746,206.70605436504843
combined_cube.fits[0],none,20,log,8,2.0,0.5,1.0,0.1,5.0,0.2,3.0,0.5799,1562716.034141773,0.0036035257447059234,197.61716981125602
combined_cube.fits[0],none,20,log,8,2.0,0.5,1.0,0.2,1.0,0.1,1.0,0.4024,3875449.5368600474,-2.052606048300524,411.01232831003387
combined_cube.fits[0],none,20,log,8,2.0,0.5,1.0,0.2,1.0,0.1,2.0,0.3335,6652192.821593185,-5.668723736247848,661.3938478183338
combined_cube.fits[0],none,20,log,8,2.0,0.5,1.0,0.2,1.0,0.2,1.0,0.3303,6867101.4700804325,-6.993226879542365,743.4473030444249
combined_cube.fits[0],none,20,log,8,2.0,0.5,1.0,0.2,1.0,0.2,3.0,0.3947,4132193.917373944,-2.0004266828691812,424.6781701509552
combined_cube.fits[0],none,20,log,8,2.0,0.5,1.0,0.2,2.0,0.1,1.0,0.3833,4365996.304894095,-2.8371009203997435,463.4879045998377
combined_cube.fits[0],none,20,log,8,2.0,0.5,1.0,0.2,2.0,0.1,2.0,0.4489,3038462.3563281614,-1.1681437736177847,338.1768681859521
combined_cube.fits[0],none,20,log,8,2.0,0.5,1.0,0.2,2.0,0.1,3.0,0.4799,2619480.0809956565,-0.7669270118302075,292.967504378292
combined_cube.fits[0],none,20,log,8,2.0,0.5,1.0,0.2,2.0,0.2,1.0,0.5561,1646400.8120975636,-1.214511830510768,303.5131502850549
combined_cube.fits[0],none,20,log,8,2.0,0.5,1.0,0.2,2.0,0.2,2.0,0.4188,3529062.254928406,-1.6854803814728962,381.0934934934685
combined_cube.fits[0],none,20,log,8,2.0,0.5,1.0,0.2,2.0,0.2,3.0,0.4784,2659676.96209396,-0.7489340867389497,292.30968988275595
combined_cube.fits[0],none,20,log,8,2.0,0.5,1.0,0.2,5.0,0.1,1.0,0.5231,1960912.8160799071,-1.019273535432044,293.23639013385076
combined_cube.fits[0],none,20,log,8,2.0,0.5,1.0,0.2,5.0,0.1,2.0,0.5541,1767286.9528024446,-0.2402135497262248,223.50189808087612
combined_cube.fits[0],none,20,log,8,2.0,0.5,1.0,0.2,5.0,0.1,3.0,0.5941,1441425.7289603364,-0.04070396892030334,199.47064171339275
combined_cube.fits[0],none,20,log,8,2.0,0.5,1.0,0.2,5.0,0.2,1.0,0.6074,1318073.643284759,-0.43297609688831734,231.8480003076423
combined_cube.fits[0],none,20,log,8,2.0,0.5,1.0,0.2,5.0,0.2,2.0,0.7154,780983.0681182047,0.39134335339319365,158.87794362079205
combined_cube.fits[0],none,20,log,8,2.0,0.5,1.0,0.2,5.0,0.2,3.0,0.5028,2684156.907127097,-0.6670546853520767,315.03258300841253
combined_cube.fits[0],none,20,log,8,2.0,0.5,2.0,0.1,1.0,0.1,1.0,0.3212,7559219.682202469,-8.302879805967432,838.2703064485901
combined_cube.fits[0],none,20,log,8,2.0,0.5,2.0,0.1,1.0,0.1,2.0,0.3803,4530888.918965963,-2.40680549082559,456.67153550029775
combined_cube.fits[0],none,20,log,8,2.0,0.5,2.0,0.1,1.0,0.1,3.0,0.3861,4347969.56019246,-2.2874638183142557,443.28027208122035
combined_cube.fits[0],none,20,log,8,2.0,0.5,2.0,0.1,1.0,0.2,1.0,0.3396,6274646.134986319,-5.16862553173984,625.5929412720404
combined_cube.fits[0],none,20,log,8,2.0,0.5,2.0,0.1,1.0,0.2,2.0,0.3847,4382164.471755841,-2.3467619345311808,446.58912556557937
combined_cube.fits[0],none,20,log,8,2.0,0.5,2.0,0.1,1.0,0.2,3.0,0.4317,3441607.888899414,-1.2752275241507023,367.0911364197302
combined_cube.fits[0],none,20,log,8,2.0,0.5,2.0,0.1,2.0,0.1,2.0,0.4723,2708295.2807915076,-0.8846268076607472,306.2109446035769
combined_cube.fits[0],none,20,log,8,2.0,0.5,2.0,0.1,2.0,0.1,3.0,0.4746,2730980.9187003244,-0.7633359582214566,295.69280663476366
combined_cube.fits[0],none,20,log,8,2.0,0.5,2.0,0.1,2.0,0.2,1.0,0.3736,4693186.814408856,-3.1676547464804643,487.46113945370615
combined_cube.fits[0],none,20,log,8,2.0,0.5,2.0,0.1,2.0,0.2,2.0,0.4204,3667687.6577295377,-1.4205331458442194,387.10734104612226
combined_cube.fits[0],none,20,log,8,2.0,0.5,2.0,0.1,2.0,0.2,3.0,0.5025,2412948.872874668,-0.38919497622490196,257.41912937671947
combined_cube.fits[0],none,20,log,8,2.0,0.5,2.0,0.1,5.0,0.1,1.0,0.5413,1805482.062448732,-0.8297942025420149,275.89085190599263
combined_cube.fits[0],none,20,log,8,2.0,0.5,2.0,0.1,5.0,0.1,2.0,0.8153,496469.8943680558,-0.11366521778957729,200.79156526051887
combined_cube.fits[0],none,20,log,8,2.0,0.5,2.0,0.1,5.0,0.1,3.0,0.7831,540782.3599097184,0.5159468462927556,151.65161885379723
combined_cube.fits[0],none,20,log,8,2.0,0.5,2.0,0.1,5.0,0.2,1.0,0.564,1617945.0466775326,-0.7060764910361187,261.92364450042754
combined_cube.fits[0],none,20,log,8,2.0,0.5,2.0,0.1,5.0,0.2,2.0,0.6007,1366124.2054864643,-0.3974642315773683,229.22764201400557
combined_cube.fits[0],none,20,log,8,2.0,0.5,2.0,0.1,5.0,0.2,3.0,0.6373,1169862.4011948777,0.21453070879010103,175.3926687650416
combined_cube.fits[0],none,20,log,8,2.0,0.5,2.0,0.2,1.0,0.1,1.0,0.601,1454752.370570021,0.140295867677316,196.3998619141518
combined_cube.fits[0],none,20,log,8,2.0,0.5,2.0,0.2,1.0,0.1,3.0,0.4207,3593495.962399581,-1.4714067879755917,379.65241792420767
combined_cube.fits[0],none,20,log,8,2.0,0.5,2.0,0.2,1.0,0.2,1.0,0.3355,6525456.1590164425,-5.90366403661123,671.9173812109226
combined_cube.fits[0],none,20,log,8,2.0,0.5,2.0,0.2,1.0,0.2,2.0,0.4014,3976372.4093635743,-1.8512800879814577,411.3828788601187
combined_cube.fits[0],none,20,log,8,2.0,0.5,2.0,0.2,2.0,0.1,1.0,0.378,4528937.68768144,-3.1883943646864026,483.27501130446603
combined_cube.fits[0],none,20,log,8,2.0,0.5,2.0,0.2,2.0,0.1,2.0,0.4632,2903293.148472234,-0.8930219550382149,314.24754952594566
combined_cube.fits[0],none,20,log,8,2.0,0.5,2.0,0.2,2.0,0.1,3.0,0.8871,379675.9736469153,0.695225613994826,152.43739550776095
combined_cube.fits[0],none,20,log,8,2.0,0.5,2.0,0.2,2.0,0.2,1.0,0.471,2635161.905489309,-1.1026544386872372,316.6374359640313
combined_cube.fits[0],none,20,log,8,2.0,0.5,2.0,0.2,2.0,0.2,2.0,0.3256,7213960.996099408,-8.016683342023113,815.0531268803425
combined_cube.fits[0],none,20,log,8,2.0,0.5,2.0,0.2,2.0,0.2,3.0,0.9104,455517.0553383283,0.7777629164942296,148.78507296735415
combined_cube.fits[0],none,20,log,8,2.0,0.5,2.0,0.2,5.0,0.1,1.0,0.6265,1197701.171207243,-0.815448736181271,265.6120021144377
combined_cube.fits[0],none,20,log,8,2.0,0.5,2.0,0.2,5.0,0.1,3.0,0.7608,612474.6947570961,0.3616520941502725,159.6215899677872
combined_cube.fits[0],none,20,log,8,2.0,0.5,2.0,0.2,5.0,0.2,1.0,0.5817,1509467.1383148374,-0.34600687813099656,226.84069478760435
combined_cube.fits[0],none,20,log,8,2.0,0.5,2.0,0.2,5.0,0.2,2.0,0.628,1218191.3055630424,0.09111519757900466,185.20904225126313
combined_cube.fits[0],none,20,log,8,2.0,0.5,3.0,0.1,1.0,0.1,1.0,0.5092,2571651.4985101726,-0.643952982634111,310.8127789697205
combined_cube.fits[0],none,20,log,8,2.0,0.5,3.0,0.1,1.0,0.1,2.0,0.3902,4251267.052328148,-2.11154853576035,434.0170371873978
combined_cube.fits[0],none,20,log,8,2.0,0.5,3.0,0.1,1.0,0.1,3.0,0.4765,2830879.4131062143,-0.6316666775075875,297.88211189297317
combined_cube.fits[0],none,20,log,8,2.0,0.5,3.0,0.1,1.0,0.2,1.0,0.3329,6692950.227990424,-6.2872274996621735,696.9083154583611
combined_cube.fits[0],none,20,log,8,2.0,0.5,3.0,0.1,1.0,0.2,2.0,0.4007,3974592.168974611,-1.9092438968355256,412.1683216361662
combined_cube.fits[0],none,20,log,8,2.0,0.5,3.0,0.1,1.0,0.2,3.0,0.4012,3984477.5457080584,-1.8427097090571967,411.9222687160681
combined_cube.fits[0],none,20,log,8,2.0,0.5,3.0,0.1,2.0,0.1,1.0,0.9794,142275.39139189158,0.5896066933918973,146.31156695402845
combined_cube.fits[0],none,20,log,8,2.0,0.5,3.0,0.1,2.0,0.1,2.0,0.4539,3032840.6223295657,-1.021417687293787,330.32431459508564
combined_cube.fits[0],none,20,log,8,2.0,0.5,3.0,0.1,2.0,0.1,3.0,0.4457,3135693.292351809,-1.1525118262611982,343.3550645456465
combined_cube.fits[0],none,20,log,8,2.0,0.5,3.0,0.1,2.0,0.2,1.0,0.3843,4335065.800976599,-2.8209143455358126,461.4489989779728
combined_cube.fits[0],none,20,log,8,2.0,0.5,3.0,0.1,2.0,0.2,2.0,0.4816,2564411.001244273,-0.8214571493355081,295.77714143374965
combined_cube.fits[0],none,20,log,8,2.0,0.5,3.0,0.1,2.0,0.2,3.0,0.4094,3792636.654032758,-1.69982234234282,396.66446315963617
combined_cube.fits[0],none,20,log,8,2.0,0.5,3.0,0.1,5.0,0.1,1.0,0.5792,1501590.7143185174,-0.6855647452968865,258.35243493769394
combined_cube.fits[0],none,20,log,8,2.0,0.5,3.0,0.1,5.0,0.1,2.0,0.6107,1342792.7259117323,0.15512319768814592,182.58124078516462
combined_cube.fits[0],none,20,log,8,2.0,0.5,3.0,0.1,5.0,0.1,3.0,0.58,1558106.8638436464,-0.036786245904405476,200.87417922388468
combined_cube.fits[0],none,20,log,8,2.0,0.5,3.0,0.1,5.0,0.2,1.0,0.4026,3793889.5757960086,-2.6644900968162295,437.36048034110206
combined_cube.fits[0],none,20,log,8,2.0,0.5,3.0,0.1,5.0,0.2,2.0,0.5628,1680188.9921533288,-0.2693457327363456,223.93102577954315
combined_cube.fits[0],none,20,log,8,2.0,0.5,3.0,0.1,5.0,0.2,3.0,0.5994,1404141.7773711686,-0.03567602153057383,198.44597015332025
combined_cube.fits[0],none,20,log,8,2.0,0.5,3.0,0.2,1.0,0.1,1.0,0.3274,7078968.10668354,-7.1252056215110535,754.6692158966421
combined_cube.fits[0],none,20,log,8,2.0,0.5,3.0,0.2,1.0,0.1,2.0,0.3322,6742008.66946631,-5.912708434217964,676.6366652363675
combined_cube.fits[0],none,20,log,8,2.0,0.5,3.0,0.2,1.0,0.1,3.0,0.4405,3287191.5185233606,-1.1599984704372128,352.44387312093636
combined_cube.fits[0],none,20,log,8,2.0,0.5,3.0,0.2,1.0,0.2,1.0,0.4544,3075475.418385963,-0.9643728028757584,328.0484353612117
combined_cube.fits[0],none,20,log,8,2.0,0.5,3.0,0.2,1.0,0.2,2.0,0.3725,4773464.735085504,-2.7543935132343047,477.6443215085404
combined_cube.fits[0],none,20,log,8,2.0,0.5,3.0,0.2,1.0,0.2,3.0,0.3799,4543867.624896928,-2.4108137780682726,457.4423700665826
combined_cube.fits[0],none,20,log,8,2.0,0.5,3.0,0.2,2.0,0.1,1.0,0.4416,3036961.0118586235,-1.6051703605682852,358.50311162808316
combined_cube.fits[0],none,20,log,8,2.0,0.5,3.0,0.2,2.0,0.1,2.0,0.8779,769485.3567435722,0.7921197205979775,150.83118196089438
combined_cube.fits[0],none,20,log,8,2.0,0.5,3.0,0.2,2.0,0.2,1.0,0.3407,6186864.328449277,-6.51588145850605,707.5555849787518
combined_cube.fits[0],none,20,log,8,2.0,0.5,3.0,0.2,2.0,0.2,2.0,0.4671,2871809.233189112,-0.8073530722840971,305.15867634134827
combined_cube.fits[0],none,20,log,8,2.0,0.5,3.0,0.2,2.0,0.2,3.0,0.5085,2291242.905759264,-0.40946773253436947,251.7278171754811
combined_cube.fits[0],none,20,log,8,2.0,0.5,3.0,0.2,5.0,0.1,2.0,0.6228,1243524.762996633,-0.028242636043022754,195.66687715629072
combined_cube.fits[0],none,20,log,8,2.0,0.5,3.0,0.2,5.0,0.1,3.0,0.6633,1014234.5033611836,-0.03499579795851611,193.1088575560034
combined_cube.fits[0],none,20,log,8,2.0,0.5,3.0,0.2,5.0,0.2,1.0,0.4009,4035749.646055248,-1.7711681665089531,415.3660001533075
combined_cube.fits[0],none,20,log,8,2.0,0.5,3.0,0.2,5.0,0.2,2.0,0.6227,1251638.3893105702,0.07869618014920023,186.59611424911625
combined_cube.fits[0],none,20,log,8,2.0,0.5,3.0,0.2,5.0,0.2,3.0,0.5958,1445683.3762611006,0.0897945090949307,188.77868912352292
combined_cube.fits[0],none,20,log,8,2.0,0.8,1.0,0.1,1.0,0.1,1.0,0.3702,4809336.744339318,-3.4369431898064993,501.6130249371657
combined_cube.fits[0],none,20,log,8,2.0,0.8,1.0,0.1,1.0,0.1,3.0,0.4006,3974286.1431973083,-1.8428398622568745,412.8556417861763
combined_cube.fits[0],none,20,log,8,2.0,0.8,1.0,0.1,1.0,0.2,1.0,0.4677,2707419.5306739016,-0.9908424184884358,314.122592432732
combined_cube.fits[0],none,20,log,8,2.0,0.8,1.0,0.1,1.0,0.2,2.0,0.3938,4152076.27420963,-1.9701344983469005,426.74494067343846
combined_cube.fits[0],none,20,log,8,2.0,0.8,1.0,0.1,1.0,0.2,3.0,0.49,2524507.2809299226,-0.5731617146046769,276.2866561557616
combined_cube.fits[0],none,20,log,8,2.0,0.8,1.0,0.1,2.0,0.1,2.0,0.4336,3225689.185290432,-1.4390919418358945,358.47957136094766
combined_cube.fits[0],none,20,log,8,2.0,0.8,1.0,0.1,2.0,0.1,3.0,0.5164,2030788.615953214,-0.8993794778759274,285.5721294165421
combined_cube.fits[0],none,20,log,8,2.0,0.8,1.0,0.1,2.0,0.2,1.0,0.3798,4471866.114468562,-2.971758731208562,471.88300903397914
combined_cube.fits[0],none,20,log,8,2.0,0.8,1.0,0.1,2.0,0.2,2.0,0.4237,3432748.965040609,-1.5280750809540067,371.9939591462454
combined_cube.fits[0],none,20,log,8,2.0,0.8,1.0,0.1,2.0,0.2,3.0,0.4876,2471054.330909748,-0.734189646477446,286.7335160294718
combined_cube.fits[0],none,20,log,8,2.0,0.8,1.0,0.1,5.0,0.1,1.0,0.5713,1535634.9845131312,-0.7945053279803461,268.38297430353305
combined_cube.fits[0],none,20,log,8,2.0,0.8,1.0,0.1,5.0,0.1,2.0,0.6045,1346581.7398966264,-0.11816410583296996,206.19180446252997
combined_cube.fits[0],none,20,log,8,2.0,0.8,1.0,0.1,5.0,0.1,3.0,0.5926,1462354.8140974948,0.07826226147085055,193.43430116806135
combined_cube.fits[0],none,20,log,8,2.0,0.8,1.0,0.1,5.0,0.2,1.0,0.6895,915077.8934289431,0.4031093289166787,169.7716419530734
combined_cube.fits[0],none,20,log,8,2.0,0.8,1.0,0.1,5.0,0.2,2.0,0.5765,1527007.6376976385,-0.42011048320510314,234.9520406720538
combined_cube.fits[0],none,20,log,8,2.0,0.8,1.0,0.1,5.0,0.2,3.0,0.7208,755866.0496501868,0.05281889756007187,184.68772943672022
combined_cube.fits[0],none,20,log,8,2.0,0.8,1.0,0.2,1.0,0.1,2.0,0.3359,6510309.371441185,-5.501308794939627,648.0164114888157
combined_cube.fits[0],none,20,log,8,2.0,0.8,1.0,0.2,1.0,0.1,3.0,0.4387,3266353.25414026,-1.1910720997911026,354.18942685030856
combined_cube.fits[0],none,20,log,8,2.0,0.8,1.0,0.2,1.0,0.2,2.0,0.4125,3715292.029926685,-1.6106683373411048,392.4641364218708
combined_cube.fits[0],none,20,log,8,2.0,0.8,1.0,0.2,1.0,0.2,3.0,0.4213,3538078.222325394,-1.4642269653417836,377.2823617019212
combined_cube.fits[0],none,20,log,8,2.0,0.8,1.0,0.2,2.0,0.1,2.0,0.4596,2841411.805877697,-1.0464654503626625,323.38425973972187
combined_cube.fits[0],none,20,log,8,2.0,0.8,1.0,0.2,2.0,0.1,3.0,0.4667,2787371.463329504,-0.8947476215133221,311.31146350977247
combined_cube.fits[0],none,20,log,8,2.0,0.8,1.0,0.2,2.0,0.2,2.0,0.4756,2500899.8424496213,-1.232503519490247,320.2805924089355
combined_cube.fits[0],none,20,log,8,2.0,0.8,1.0,0.2,2.0,0.2,3.0,0.5258,2037010.9847288004,-0.3917807310291082,244.42150440067422
combined_cube.fits[0],none,20,log,8,2.0,0.8,1.0,0.2,5.0,0.1,1.0,0.966,330457.21621523023,-0.47830638408151904,298.65449084144814
combined_cube.fits[0],none,20,log,8,2.0,0.8,1.0,0.2,5.0,0.1,3.0,0.6879,904933.4438347605,0.3826009305576748,164.6095274369321
combined_cube.fits[0],none,20,log,8,2.0,0.8,1.0,0.2,5.0,0.2,1.0,0.5163,2008296.3954493676,-1.0613793408933334,297.1223376020728
combined_cube.fits[0],none,20,log,8,2.0,0.8,1.0,0.2,5.0,0.2,2.0,0.578,1528166.3963423418,-0.3014708925876467,224.88522611711102
combined_cube.fits[0],none,20,log,8,2.0,0.8,1.0,0.2,5.0,0.2,3.0,0.5869,1487766.4706298115,-0.04087940005534739,201.8500275718989
combined_cube.fits[0],none,20,log,8,2.0,0.8,2.0,0.1,1.0,0.1,1.0,0.3237,7371663.2553849295,-7.730814552510325,796.9748892219001
combined_cube.fits[0],none,20,log,8,2.0,0.8,2.0,0.1,1.0,0.1,2.0,0.3594,5274303.215796432,-3.3680525991281973,515.65970752255
combined_cube.fits[0],none,20,log,8,2.0,0.8,2.0,0.1,1.0,0.1,3.0,0.3898,4229193.225236686,-2.1697765176690686,434.92607046106895
combined_cube.fits[0],none,20,log,8,2.0,0.8,2.0,0.1,1.0,0.2,1.0,0.3415,6165662.346238777,-5.094363941945767,618.5760192024183
combined_cube.fits[0],none,20,log,8,2.0,0.8,2.0,0.1,1.0,0.2,2.0,0.4034,3951737.91350605,-1.7082512824322609,410.9252213467288
combined_cube.fits[0],none,20,log,8,2.0,0.8,2.0,0.1,1.0,0.2,3.0,0.4208,3579379.921615505,-1.4396382987415774,380.9764743665107
combined_cube.fits[0],none,20,log,8,2.0,0.8,2.0,0.1,2.0,0.1,1.0,0.3816,4405612.047997738,-3.0062013542927,470.92497805726947
combined_cube.fits[0],none,20,log,8,2.0,0.8,2.0,0.1,2.0,0.1,2.0,0.4625,2754030.7158615403,-1.1034117567225616,321.7783981271575
combined_cube.fits[0],none,20,log,8,2.0,0.8,2.0,0.1,2.0,0.2,1.0,0.3931,4009584.5086939572,-3.5437719656226347,493.2286186362755
combined_cube.fits[0],none,20,log,8,2.0,0.8,2.0,0.1,5.0,0.1,1.0,0.5855,1452281.6306029013,-0.48845639761857845,239.83837745583514
combined_cube.fits[0],none,20,log,8,2.0,0.8,2.0,0.1,5.0,0.1,2.0,0.5262,1984080.7527586939,-0.5722792179633942,258.60682763672384
combined_cube.fits[0],none,20,log,8,2.0,0.8,2.0,0.1,5.0,0.1,3.0,0.5966,1415931.524862974,-0.009492513717703292,197.90178477599528
combined_cube.fits[0],none,20,log,8,2.0,0.8,2.0,0.1,5.0,0.2,1.0,0.6228,1222638.9932066693,-0.17687443959736932,209.14114485828688
combined_cube.fits[0],none,20,log,8,2.0,0.8,2.0,0.1,5.0,0.2,2.0,0.5489,1834036.5898650563,-0.13342969377176117,217.60492720204454
combined_cube.fits[0],none,20,log,8,2.0,0.8,2.0,0.1,5.0,0.2,3.0,0.6699,992834.9189987275,0.33781465748677836,168.8981231161406
combined_cube.fits[0],none,20,log,8,2.0,0.8,2.0,0.2,1.0,0.1,1.0,0.3332,6682897.089951966,-6.593904197367397,715.5441836274812
combined_cube.fits[0],none,20,log,8,2.0,0.8,2.0,0.2,1.0,0.1,2.0,0.4191,3549044.7831649943,-1.5504663219220145,379.62909532476436
combined_cube.fits[0],none,20,log,8,2.0,0.8,2.0,0.2,1.0,0.1,3.0,0.3415,6164980.10018488,-4.518295827871382,589.374755990068
combined_cube.fits[0],none,20,log,8,2.0,0.8,2.0,0.2,1.0,0.2,1.0,0.3223,7481698.522414985,-7.816018884314798,804.1213779239117
combined_cube.fits[0],none,20,log,8,2.0,0.8,2.0,0.2,1.0,0.2,2.0,0.4534,3058828.9757632394,-0.9849297247509448,331.7023436979307
combined_cube.fits[0],none,20,log,8,2.0,0.8,2.0,0.2,1.0,0.2,3.0,0.4163,3627532.6643326087,-1.5588536398848212,385.31340687892106
combined_cube.fits[0],none,20,log,8,2.0,0.8,2.0,0.2,2.0,0.1,1.0,0.3751,4678213.927376207,-2.622004639370185,469.39199075481224
combined_cube.fits[0],none,20,log,8,2.0,0.8,2.0,0.2,2.0,0.1,2.0,0.5385,1920136.19551539,-0.2529822012340968,229.1530745936039
combined_cube.fits[0],none,20,log,8,2.0,0.8,2.0,0.2,2.0,0.1,3.0,0.4731,2755165.72336314,-0.7553897569602749,299.57964876092996
combined_cube.fits[0],none,20,log,8,2.0,0.8,2.0,0.2,2.0,0.2,1.0,0.4241,3400391.196725723,-1.59222635099153,372.58000443784084
combined_cube.fits[0],none,20,log,8,2.0,0.8,2.0,0.2,2.0,0.2,2.0,0.4807,2794488.256016268,-0.7046244931012837,315.68605414537933
combined_cube.fits[0],none,20,log,8,2.0,0.8,2.0,0.2,2.0,0.2,3.0,0.4831,2574682.694376114,-0.7016245170807732,287.599849737823
combined_cube.fits[0],none,20,log,8,2.0,0.8,2.0,0.2,5.0,0.1,2.0,0.6182,1259469.0694738654,-0.060355723791255145,199.87505103051348
combined_cube.fits[0],none,20,log,8,2.0,0.8,2.0,0.2,5.0,0.2,1.0,0.4886,2252232.5802289736,-2.179856345832736,378.8342949658777
combined_cube.fits[0],none,20,log,8,2.0,0.8,2.0,0.2,5.0,0.2,2.0,0.6037,1355140.7909988058,-0.09186110394304847,204.01669622998975
combined_cube.fits[0],none,20,log,8,2.0,0.8,3.0,0.1,1.0,0.1,1.0,0.3039,9141919.746661736,-13.535356309497788,1231.7959524778198
combined_cube.fits[0],none,20,log,8,2.0,0.8,3.0,0.1,1.0,0.1,2.0,0.3451,5964398.240481275,-4.237250086854602,571.2629059558798
combined_cube.fits[0],none,20,log,8,2.0,0.8,3.0,0.1,1.0,0.1,3.0,0.2784,11566993.264622811,-29.583202846794126,2698.3451552871334
combined_cube.fits[0],none,20,log,8,2.0,0.8,3.0,0.1,1.0,0.2,1.0,0.3875,4236866.223428739,-2.63402931220586,450.11291782783246
combined_cube.fits[0],none,20,log,8,2.0,0.8,3.0,0.1,1.0,0.2,2.0,0.4684,2878782.8611830347,-0.7787067299420174,310.19210222785944
combined_cube.fits[0],none,20,log,8,2.0,0.8,3.0,0.1,1.0,0.2,3.0,0.3884,4284978.666973149,-2.139062378491226,437.9870087493226
combined_cube.fits[0],none,20,log,8,2.0,0.8,3.0,0.1,2.0,0.1,1.0,0.3899,4156014.3293739227,-2.66785673076523,448.7004031092638
combined_cube.fits[0],none,20,log,8,2.0,0.8,3.0,0.1,2.0,0.1,2.0,0.6432,1112808.0100516952,0.015880481767309114,191.63318691682593
combined_cube.fits[0],none,20,log,8,2.0,0.8,3.0,0.1,2.0,0.1,3.0,0.4561,2932609.6113308403,-1.0316061386321909,327.4432404937185
combined_cube.fits[0],none,20,log,8,2.0,0.8,3.0,0.1,2.0,0.2,1.0,0.4126,3577165.660576684,-2.10295833129575,401.8808235960378
combined_cube.fits[0],none,20,log,8,2.0,0.8,3.0,0.1,2.0,0.2,3.0,0.4517,3008735.543488816,-1.0711024581510036,333.73797058594994
combined_cube.fits[0],none,20,log,8,2.0,0.8,3.0,0.1,5.0,0.1,1.0,0.4643,2581830.668604927,-1.9965753931419659,372.565183073009
combined_cube.fits[0],none,20,log,8,2.0,0.8,3.0,0.1,5.0,0.1,2.0,0.8905,898630.686841367,0.7975864116754912,150.83968940857648
combined_cube.fits[0],none,20,log,8,2.0,0.8,3.0,0.1,5.0,0.1,3.0,0.7071,815692.2950624331,0.40260629189217484,160.44028728762603
combined_cube.fits[0],none,20,log,8,2.0,0.8,3.0,0.1,5.0,0.2,1.0,0.5381,1818558.8754362438,-0.8033667166134412,274.1638489368187
combined_cube.fits[0],none,20,log,8,2.0,0.8,3.0,0.1,5.0,0.2,2.0,0.64,1123511.3117021027,-0.15086915065693018,205.75443760778512
combined_cube.fits[0],none,20,log,8,2.0,0.8,3.0,0.1,5.0,0.2,3.0,0.562,1700603.875996672,-0.1025498554958822,211.57956838610357
combined_cube.fits[0],none,20,log,8,2.0,0.8,3.0,0.2,1.0,0.1,1.0,0.2877,10729658.40310146,-23.041076472708767,2047.1011509784103
combined_cube.fits[0],none,20,log,8,2.0,0.8,3.0,0.2,1.0,0.1,2.0,0.3849,4374490.345334131,-2.278390895685468,445.6660273034833
combined_cube.fits[0],none,20,log,8,2.0,0.8,3.0,0.2,1.0,0.1,3.0,0.4032,3926834.329996631,-1.7663315776503898,408.89509855911
combined_cube.fits[0],none,20,log,8,2.0,0.8,3.0,0.2,1.0,0.2,1.0,0.3303,6881460.615881611,-6.55364707288109,715.5637972724173
combined_cube.fits[0],none,20,log,8,2.0,0.8,3.0,0.2,1.0,0.2,2.0,0.4117,3776499.8137438255,-1.5631931764830729,397.35630992939485
combined_cube.fits[0],none,20,log,8,2.0,0.8,3.0,0.2,1.0,0.2,3.0,0.5256,2448251.768873944,-0.5354171515900087,291.7886999706533
combined_cube.fits[0],none,20,log,8,2.0,0.8,3.0,0.2,2.0,0.1,1.0,0.4174,3510367.245788892,-1.7915146029859927,385.4887194283259
combined_cube.fits[0],none,20,log,8,2.0,0.8,3.0,0.2,2.0,0.1,2.0,0.4405,3146261.1153402026,-1.2632939115503503,347.7957229306074
combined_cube.fits[0],none,20,log,8,2.0,0.8,3.0,0.2,2.0,0.1,3.0,0.5013,2376079.8607965717,-0.4686965727560371,262.6217858742032
combined_cube.fits[0],none,20,log,8,2.0,0.8,3.0,0.2,2.0,0.2,1.0,0.3664,4956800.023485577,-3.6630872261333667,516.301787931598
combined_cube.fits[0],none,20,log,8,2.0,0.8,3.0,0.2,2.0,0.2,3.0,0.4805,2618235.5525615304,-0.715716102976456,290.2790596566598
combined_cube.fits[0],none,20,log,8,2.0,0.8,3.0,0.2,5.0,0.1,1.0,0.5495,1729699.2855524225,-0.6574668314982621,259.9800704597018
combined_cube.fits[0],none,20,log,8,2.0,0.8,3.0,0.2,5.0,0.1,2.0,0.5721,1586570.8356586662,-0.2306837365110582,220.48551154192265
combined_cube.fits[0],none,20,log,8,2.0,0.8,3.0,0.2,5.0,0.2,1.0,0.6027,1359844.5732655022,-0.12093912429617454,206.62789017738146
combined_cube.fits[0],none,20,log,8,2.0,0.8,3.0,0.2,5.0,0.2,2.0,0.5611,1693906.0201471243,-0.1912826016614714,219.32442158368772
combined_cube.fits[0],none,20,log,8,2.0,0.8,3.0,0.2,5.0,0.2,3.0,0.604,1366625.4802105161,0.04295737891138697,192.8518727033929
combined_cube.fits[0],none,20,log,10,1.2,0.1,1.0,0.1,1.0,0.1,1.0,0.3765,5233135.36243538,-2.4220663932622446,465.49330513482624
combined_cube.fits[0],none,20,log,10,1.2,0.1,1.0,0.1,1.0,0.1,2.0,0.3496,6356697.116924687,-4.696027518492409,599.0478394183119
combined_cube.fits[0],none,20,log,10,1.2,0.1,1.0,0.1,1.0,0.1,3.0,0.4193,4069424.1841042386,-1.140178793129166,352.3829328011313
combined_cube.fits[0],none,20,log,10,1.2,0.1,1.0,0.1,1.0,0.2,1.0,0.3319,7476956.793476438,-8.883367859974117,878.1349320539806
combined_cube.fits[0],none,20,log,10,1.2,0.1,1.0,0.1,1.0,0.2,2.0,0.9116,287389.37354252744,0.7929783806074868,149.2208929636206
combined_cube.fits[0],none,20,log,10,1.2,0.1,1.0,0.1,1.0,0.2,3.0,0.3777,5160263.366690314,-2.495330025018848,466.10480458702324
combined_cube.fits[0],none,20,log,10,1.2,0.1,1.0,0.1,2.0,0.1,1.0,0.3145,8913990.15196341,-15.882319730728229,1422.3278960380471
combined_cube.fits[0],none,20,log,10,1.2,0.1,1.0,0.1,2.0,0.1,2.0,0.416,3972480.1748323957,-1.5844015748931486,374.4897893318085
combined_cube.fits[0],none,20,log,10,1.2,0.1,1.0,0.1,2.0,0.1,3.0,0.4036,4330316.3594339155,-1.7615276762041834,397.4712918391443
combined_cube.fits[0],none,20,log,10,1.2,0.1,1.0,0.1,2.0,0.2,1.0,0.341,6852343.338627567,-6.452808137552283,708.3976421983184
combined_cube.fits[0],none,20,log,10,1.2,0.1,1.0,0.1,2.0,0.2,2.0,0.4284,3884023.229267367,-0.9368856155311528,330.63246214092845
combined_cube.fits[0],none,20,log,10,1.2,0.1,1.0,0.1,2.0,0.2,3.0,0.4479,3360002.201339358,-0.8323145499628889,305.2202679542457
combined_cube.fits[0],none,20,log,10,1.2,0.1,1.0,0.1,5.0,0.1,2.0,0.5345,1981218.4070361154,-0.367343683729974,235.27949894190155
combined_cube.fits[0],none,20,log,10,1.2,0.1,1.0,0.1,5.0,0.1,3.0,0.5188,2227634.6932298704,-0.17415199169219306,223.25029542334994
combined_cube.fits[0],none,20,log,10,1.2,0.1,1.0,0.1,5.0,0.2,1.0,0.8773,312697.5455732833,0.25415763951118553,169.23616466233764
combined_cube.fits[0],none,20,log,10,1.2,0.1,1.0,0.1,5.0,0.2,3.0,0.6357,1173462.8225152246,0.24332325795991527,175.1403363501442
combined_cube.fits[0],none,20,log,10,1.2,0.1,1.0,0.2,1.0,0.1,1.0,0.3155,8901992.027692612,-13.652563776293196,1241.0986516037797
combined_cube.fits[0],none,20,log,10,1.2,0.1,1.0,0.2,1.0,0.1,3.0,0.3746,5262267.827422544,-2.6603646906814697,477.10934460952063
combined_cube.fits[0],none,20,log,10,1.2,0.1,1.0,0.2,1.0,0.2,1.0,0.409,4275277.645442753,-1.4444681737004195,379.39124467002216
combined_cube.fits[0],none,20,log,10,1.2,0.1,1.0,0.2,1.0,0.2,2.0,0.3723,5320189.805568912,-2.88707787448347,488.39211232108755
combined_cube.fits[0],none,20,log,10,1.2,0.1,1.0,0.2,1.0,0.2,3.0,0.4161,4154251.0270196227,-1.1921195298298473,359.1895107078165
combined_cube.fits[0],none,20,log,10,1.2,0.1,1.0,0.2,2.0,0.1,1.0,0.3795,4923727.998388295,-3.3118075733030286,494.55611633150534
combined_cube.fits[0],none,20,log,10,1.2,0.1,1.0,0.2,2.0,0.1,2.0,0.4508,3609176.1543134255,-0.7339677493789171,323.74359225845234
combined_cube.fits[0],none,20,log,10,1.2,0.1,1.0,0.2,2.0,0.1,3.0,0.7815,530613.5839106359,0.5837695172678421,154.48986922432627
combined_cube.fits[0],none,20,log,10,1.2,0.1,1.0,0.2,2.0,0.2,1.0,0.3851,4737517.015903641,-2.9798859480898483,473.4527447711447
combined_cube.fits[0],none,20,log,10,1.2,0.1,1.0,0.2,2.0,0.2,2.0,0.4029,4117676.4993432444,-2.7682419557837292,446.5794687908642
combined_cube.fits[0],none,20,log,10,1.2,0.1,1.0,0.2,2.0,0.2,3.0,0.5131,2304804.2485668086,-0.20163952450851053,227.14301580743953
combined_cube.fits[0],none,20,log,10,1.2,0.1,1.0,0.2,5.0,0.1,1.0,0.5967,1434747.8645381045,0.09339811263367773,188.08536330092937
combined_cube.fits[0],none,20,log,10,1.2,0.1,1.0,0.2,5.0,0.1,2.0,0.4278,3971353.994080287,-0.8822639392763078,332.100763228967
combined_cube.fits[0],none,20,log,10,1.2,0.1,1.0,0.2,5.0,0.1,3.0,0.7865,506496.921580111,0.5062149205544522,151.61883049815413
combined_cube.fits[0],none,20,log,10,1.2,0.1,1.0,0.2,5.0,0.2,1.0,0.5463,1818487.1115392412,-0.6645718323661984,258.14719156568964
combined_cube.fits[0],none,20,log,10,1.2,0.1,1.0,0.2,5.0,0.2,2.0,0.5636,1722389.977968874,-0.0006927692705091273,199.743587994345
combined_cube.fits[0],none,20,log,10,1.2,0.1,2.0,0.1,1.0,0.1,1.0,0.3216,7615087.965891619,-8.79688265853729,871.5249432102146
combined_cube.fits[0],none,20,log,10,1.2,0.1,2.0,0.1,1.0,0.1,2.0,0.3638,5411101.233930962,-2.680715337874041,475.95163256669065
combined_cube.fits[0],none,20,log,10,1.2,0.1,2.0,0.1,1.0,0.2,1.0,0.3829,4626668.431380885,-2.5086371329806534,440.50231332803025
combined_cube.fits[0],none,20,log,10,1.2,0.1,2.0,0.1,1.0,0.2,2.0,0.4142,4057429.452027991,-1.0452014391333997,338.84271521657064
combined_cube.fits[0],none,20,log,10,1.2,0.1,2.0,0.1,1.0,0.2,3.0,0.3769,5034348.956000704,-1.9653509567013379,429.25429357999826
combined_cube.fits[0],none,20,log,10,1.2,0.1,2.0,0.1,2.0,0.1,1.0,0.4022,4195434.910328839,-1.604570621478063,377.2968450039209
combined_cube.fits[0],none,20,log,10,1.2,0.1,2.0,0.1,2.0,0.1,2.0,0.399,4323310.711159517,-1.561525308409299,379.7801895137505
combined_cube.fits[0],none,20,log,10,1.2,0.1,2.0,0.1,2.0,0.1,3.0,0.4291,3700836.268181578,-0.838694746270748,311.1253924536549
combined_cube.fits[0],none,20,log,10,1.2,0.1,2.0,0.1,2.0,0.2,1.0,0.3697,5083314.715303284,-2.9607197248559105,476.96404688055253
combined_cube.fits[0],none,20,log,10,1.2,0.1,2.0,0.1,2.0,0.2,2.0,0.4762,2783512.133970026,-0.3931103812861545,250.4342658192521
combined_cube.fits[0],none,20,log,10,1.2,0.1,2.0,0.1,2.0,0.2,3.0,0.4198,3875659.4887501164,-1.0438481653014275,333.3637290643254
combined_cube.fits[0],none,20,log,10,1.2,0.1,2.0,0.1,5.0,0.1,1.0,0.4799,2619472.229858142,-0.7889262635545229,280.1246584222621
combined_cube.fits[0],none,20,log,10,1.2,0.1,2.0,0.1,5.0,0.1,2.0,0.5385,1920947.1887000012,-0.2823735168375639,225.2088511449402
combined_cube.fits[0],none,20,log,10,1.2,0.1,2.0,0.1,5.0,0.1,3.0,0.5077,2285865.314367305,-0.353711928281234,237.12054262473688
combined_cube.fits[0],none,20,log,10,1.2,0.1,2.0,0.1,5.0,0.2,1.0,0.7841,529992.9129753404,0.4732465959507741,152.77717854474162
combined_cube.fits[0],none,20,log,10,1.2,0.1,2.0,0.1,5.0,0.2,2.0,0.6006,1397699.368881083,0.08244229376719799,186.84281094561848
combined_cube.fits[0],none,20,log,10,1.2,0.1,2.0,0.1,5.0,0.2,3.0,0.5144,2190016.910272845,-0.3922214611612705,239.04329298381793
combined_cube.fits[0],none,20,log,10,1.2,0.1,2.0,0.2,1.0,0.1,1.0,0.4024,4139834.064216327,-1.751526060224686,384.06431421034756
combined_cube.fits[0],none,20,log,10,1.2,0.1,2.0,0.2,1.0,0.1,2.0,0.3578,5657084.896025928,-2.907878857034573,493.25037124938706
combined_cube.fits[0],none,20,log,10,1.2,0.1,2.0,0.2,1.0,0.1,3.0,0.3785,4978148.923474034,-1.924037233321655,424.9819601192569
combined_cube.fits[0],none,20,log,10,1.2,0.1,2.0,0.2,1.0,0.2,1.0,0.3099,8637018.811832368,-10.991494642401062,1037.300244710279
combined_cube.fits[0],none,20,log,10,1.2,0.1,2.0,0.2,1.0,0.2,2.0,0.3803,4880227.969474682,-1.975872441963651,423.11990628900264
combined_cube.fits[0],none,20,log,10,1.2,0.1,2.0,0.2,1.0,0.2,3.0,0.3774,5003254.757936614,-1.9881689824677848,429.06238435116535
combined_cube.fits[0],none,20,log,10,1.2,0.1,2.0,0.2,2.0,0.1,1.0,0.3917,4397710.319990625,-2.1184305053804757,411.8661417730402
combined_cube.fits[0],none,20,log,10,1.2,0.1,2.0,0.2,2.0,0.1,2.0,0.4192,4147504.4514674623,-0.8385682645236684,337.5787417276195
combined_cube.fits[0],none,20,log,10,1.2,0.1,2.0,0.2,2.0,0.1,3.0,0.4184,3936254.7100569014,-1.0138168389820827,332.59210625136734
combined_cube.fits[0],none,20,log,10,1.2,0.1,2.0,0.2,2.0,0.2,1.0,0.3303,6960596.215467252,-7.686341886539671,789.7812069959195
combined_cube.fits[0],none,20,log,10,1.2,0.1,2.0,0.2,2.0,0.2,2.0,0.3803,4832286.46895055,-2.1175728976469337,427.6706739642537
combined_cube.fits[0],none,20,log,10,1.2,0.1,2.0,0.2,2.0,0.2,3.0,0.4266,3724430.7316650026,-0.9316838649120169,319.5580196168298
combined_cube.fits[0],none,20,log,10,1.2,0.1,2.0,0.2,5.0,0.1,1.0,0.5096,2183140.876622348,-0.8757250958675526,280.19932094090206
combined_cube.fits[0],none,20,log,10,1.2,0.1,2.0,0.2,5.0,0.1,2.0,0.3759,4863044.66260541,-2.717039247452035,459.0334522942414
combined_cube.fits[0],none,20,log,10,1.2,0.1,2.0,0.2,5.0,0.1,3.0,0.6423,1167022.6506182032,0.3564969997511991,173.4371402845146
combined_cube.fits[0],none,20,log,10,1.2,0.1,2.0,0.2,5.0,0.2,1.0,0.5626,1655639.2134174714,-0.6708263846250776,255.63750289362747
combined_cube.fits[0],none,20,log,10,1.2,0.1,2.0,0.2,5.0,0.2,2.0,0.6063,1345746.7485421018,-0.09900308127479435,201.67074097054825
combined_cube.fits[0],none,20,log,10,1.2,0.1,2.0,0.2,5.0,0.2,3.0,0.5617,1720700.3889527505,0.008807628008257606,196.9999316175773
combined_cube.fits[0],none,20,log,10,1.2,0.1,3.0,0.1,1.0,0.1,1.0,0.3095,8657459.169428764,-11.732242666849022,1094.1941045489762
combined_cube.fits[0],none,20,log,10,1.2,0.1,3.0,0.1,1.0,0.1,2.0,0.4006,3962994.134479004,-2.957103550390022,453.1889803132576
combined_cube.fits[0],none,20,log,10,1.2,0.1,3.0,0.1,1.0,0.1,3.0,0.3976,4480984.654909453,-1.3560307325269518,376.01729013222644
combined_cube.fits[0],none,20,log,10,1.2,0.1,3.0,0.1,1.0,0.2,3.0,0.3728,5158399.743046888,-2.1160047857257593,441.4541494204786
combined_cube.fits[0],none,20,log,10,1.2,0.1,3.0,0.1,2.0,0.1,1.0,0.3211,7696819.373619607,-7.558665949077427,786.7468147791174
combined_cube.fits[0],none,20,log,10,1.2,0.1,3.0,0.1,2.0,0.1,3.0,0.4152,4133759.661375753,-0.9047956298230466,332.16721632036996
combined_cube.fits[0],none,20,log,10,1.2,0.1,3.0,0.1,2.0,0.2,1.0,0.3578,5656745.549478242,-2.8861938976687695,492.35282682670504
combined_cube.fits[0],none,20,log,10,1.2,0.1,3.0,0.1,2.0,0.2,2.0,0.4117,3978204.2589626424,-1.3747915135718478,358.0006326510849
combined_cube.fits[0],none,20,log,10,1.2,0.1,3.0,0.1,2.0,0.2,3.0,0.395,4593663.006014089,-1.3411601696644384,379.99606761919443
combined_cube.fits[0],none,20,log,10,1.2,0.1,3.0,0.1,5.0,0.1,1.0,0.4785,2592187.9621062414,-1.0451426146509806,300.2581421486808
combined_cube.fits[0],none,20,log,10,1.2,0.1,3.0,0.1,5.0,0.1,2.0,0.5209,2044581.3168325778,-0.9115845313299157,281.42548861747406
combined_cube.fits[0],none,20,log,10,1.2,0.1,3.0,0.1,5.0,0.1,3.0,0.4242,3820371.8088668794,-0.8887402730909093,319.0184079553769
combined_cube.fits[0],none,20,log,10,1.2,0.1,3.0,0.1,5.0,0.2,1.0,0.5308,1998904.6815884958,-0.33016349884173934,230.53452276369674
combined_cube.fits[0],none,20,log,10,1.2,0.1,3.0,0.1,5.0,0.2,2.0,0.4315,3627071.458934801,-0.8418263723869949,309.3480350402057
combined_cube.fits[0],none,20,log,10,1.2,0.1,3.0,0.1,5.0,0.2,3.0,0.4499,3287182.320819423,-0.5581773252647274,276.8266048141517
combined_cube.fits[0],none,20,log,10,1.2,0.1,3.0,0.2,1.0,0.1,1.0,0.316,8081581.835214658,-9.640888447773934,934.2949196131822
combined_cube.fits[0],none,20,log,10,1.2,0.1,3.0,0.2,1.0,0.1,2.0,0.327,7265878.060972822,-6.435411022377907,709.9156436530652
combined_cube.fits[0],none,20,log,10,1.2,0.1,3.0,0.2,1.0,0.1,3.0,0.4643,3174068.3213221654,-0.46489306507381456,279.0679069439692
combined_cube.fits[0],none,20,log,10,1.2,0.1,3.0,0.2,1.0,0.2,1.0,0.3788,5001828.227668873,-1.8459411361777682,422.3080434929062
combined_cube.fits[0],none,20,log,10,1.2,0.1,3.0,0.2,1.0,0.2,2.0,0.352,5852169.874173197,-3.5833019639876547,527.3760162044076
combined_cube.fits[0],none,20,log,10,1.2,0.1,3.0,0.2,1.0,0.2,3.0,0.3609,5451923.783872552,-3.166016692878026,497.35648972496244
combined_cube.fits[0],none,20,log,10,1.2,0.1,3.0,0.2,2.0,0.1,1.0,0.3822,4817762.6125952955,-1.9337152359034653,418.38139233840366
combined_cube.fits[0],none,20,log,10,1.2,0.1,3.0,0.2,2.0,0.1,2.0,0.5061,2305093.19267508,-0.35831831535493486,237.77677874381996
combined_cube.fits[0],none,20,log,10,1.2,0.1,3.0,0.2,2.0,0.1,3.0,0.4122,4051052.81669613,-1.1767013769403285,348.5248818400243
combined_cube.fits[0],none,20,log,10,1.2,0.1,3.0,0.2,2.0,0.2,1.0,0.3979,4171262.3332690736,-2.177614709616597,408.7422449554661
combined_cube.fits[0],none,20,log,10,1.2,0.1,3.0,0.2,2.0,0.2,3.0,0.4093,4134252.2057965687,-1.2072069662309686,353.3052089625878
combined_cube.fits[0],none,20,log,10,1.2,0.1,3.0,0.2,5.0,0.1,1.0,0.5164,2152167.5130065037,-0.4621661868679338,244.24383775976938
combined_cube.fits[0],none,20,log,10,1.2,0.1,3.0,0.2,5.0,0.1,2.0,0.3615,5199743.85541757,-5.662280850476893,648.4645514872614
combined_cube.fits[0],none,20,log,10,1.2,0.1,3.0,0.2,5.0,0.2,1.0,0.5358,1903366.1858711324,-0.7207293372517632,262.8695277875324
combined_cube.fits[0],none,20,log,10,1.2,0.1,3.0,0.2,5.0,0.2,2.0,0.4975,2440301.261307004,-0.313090511011072,235.83969147675376
combined_cube.fits[0],none,20,log,10,1.2,0.1,3.0,0.2,5.0,0.2,3.0,0.5369,1955682.7436418952,-0.1490987873898991,213.91650016207524
combined_cube.fits[0],none,20,log,10,1.2,0.5,1.0,0.1,1.0,0.1,1.0,0.3172,7987977.422870486,-10.186980791458362,976.4353073587129
combined_cube.fits[0],none,20,log,10,1.2,0.5,1.0,0.1,1.0,0.1,2.0,0.3856,4491547.346105653,-2.3111419675824862,446.42954687686506
combined_cube.fits[0],none,20,log,10,1.2,0.5,1.0,0.1,1.0,0.1,3.0,0.3898,4414962.209809936,-2.0848713700031607,435.6163204585732
combined_cube.fits[0],none,20,log,10,1.2,0.5,1.0,0.1,1.0,0.2,1.0,0.3306,6949811.431018896,-6.849992911509581,736.1204487592594
combined_cube.fits[0],none,20,log,10,1.2,0.5,1.0,0.1,1.0,0.2,2.0,0.381,4615588.044520182,-2.495084429728167,458.5448207191208
combined_cube.fits[0],none,20,log,10,1.2,0.5,1.0,0.1,1.0,0.2,3.0,0.3713,4951546.236931638,-2.7410211992454254,482.2342570892815
combined_cube.fits[0],none,20,log,10,1.2,0.5,1.0,0.1,2.0,0.1,1.0,0.4107,3786506.5955401515,-1.9324508350248562,398.02836992608354
combined_cube.fits[0],none,20,log,10,1.2,0.5,1.0,0.1,2.0,0.1,2.0,0.4766,2702546.8634082237,-0.7730067023748137,289.3904958214445
combined_cube.fits[0],none,20,log,10,1.2,0.5,1.0,0.1,2.0,0.1,3.0,0.4537,3120114.66458231,-0.9147570032000467,314.5771939242468
combined_cube.fits[0],none,20,log,10,1.2,0.5,1.0,0.1,2.0,0.2,1.0,0.3632,5168309.0119169215,-4.031013898599237,540.7790959763572
combined_cube.fits[0],none,20,log,10,1.2,0.5,1.0,0.1,2.0,0.2,3.0,0.4884,2597216.894934258,-0.46277280180055796,259.18521677907523
combined_cube.fits[0],none,20,log,10,1.2,0.5,1.0,0.1,5.0,0.1,2.0,0.6352,1166525.9163652922,0.0309529292490198,188.56831487483092
combined_cube.fits[0],none,20,log,10,1.2,0.5,1.0,0.1,5.0,0.1,3.0,0.5915,1457689.1052884401,-0.1315646633055789,206.00705437550008
combined_cube.fits[0],none,20,log,10,1.2,0.5,1.0,0.1,5.0,0.2,1.0,0.5276,2007517.4176849225,-0.6016194581487796,257.41645396534096
combined_cube.fits[0],none,20,log,10,1.2,0.5,1.0,0.1,5.0,0.2,2.0,0.5856,1503483.6517993754,-0.13644509313916905,207.05490256120044
combined_cube.fits[0],none,20,log,10,1.2,0.5,1.0,0.1,5.0,0.2,3.0,0.5498,1821562.6759938162,-0.21840084910048893,219.69358235527415
combined_cube.fits[0],none,20,log,10,1.2,0.5,1.0,0.2,1.0,0.1,1.0,0.3357,6608186.726768514,-5.5641208643530495,654.8033819845713
combined_cube.fits[0],none,20,log,10,1.2,0.5,1.0,0.2,1.0,0.1,2.0,0.3895,4423428.60295179,-2.0987438621480905,436.5355425481129
combined_cube.fits[0],none,20,log,10,1.2,0.5,1.0,0.2,1.0,0.1,3.0,0.3496,5820940.059744973,-4.290536339883867,570.0932786005211
combined_cube.fits[0],none,20,log,10,1.2,0.5,1.0,0.2,1.0,0.2,1.0,0.4506,3334541.695214422,-0.7656870564097712,317.8473522205234
combined_cube.fits[0],none,20,log,10,1.2,0.5,1.0,0.2,1.0,0.2,2.0,0.3635,5199958.850079103,-3.3918661916540995,513.3643347085939
combined_cube.fits[0],none,20,log,10,1.2,0.5,1.0,0.2,1.0,0.2,3.0,0.4494,3309993.339552143,-0.8132916938645125,315.30739867188413
combined_cube.fits[0],none,20,log,10,1.2,0.5,1.0,0.2,2.0,0.1,1.0,0.3954,4118859.48685298,-2.4915171282366253,436.8925712246016
combined_cube.fits[0],none,20,log,10,1.2,0.5,1.0,0.2,2.0,0.1,2.0,0.4271,3496775.84702168,-1.4833791746508624,364.24458768417037
combined_cube.fits[0],none,20,log,10,1.2,0.5,1.0,0.2,2.0,0.1,3.0,0.4495,3164969.445266971,-1.023091254755832,325.251447638984
combined_cube.fits[0],none,20,log,10,1.2,0.5,1.0,0.2,2.0,0.2,1.0,0.4249,3795124.627297575,-1.1719369043542103,365.06897289743176
combined_cube.fits[0],none,20,log,10,1.2,0.5,1.0,0.2,2.0,0.2,3.0,0.4909,2516876.214451875,-0.5777742431222015,266.6508766380859
combined_cube.fits[0],none,20,log,10,1.2,0.5,1.0,0.2,5.0,0.1,1.0,0.5285,1908538.4044109657,-1.3791203202415758,317.91179936776973
combined_cube.fits[0],none,20,log,10,1.2,0.5,1.0,0.2,5.0,0.1,2.0,0.5043,2307746.203407989,-0.5907612536458102,263.0307950662855
combined_cube.fits[0],none,20,log,10,1.2,0.5,1.0,0.2,5.0,0.1,3.0,0.5929,1468012.2143205567,0.1076577105411773,187.17580061144716
combined_cube.fits[0],none,20,log,10,1.2,0.5,1.0,0.2,5.0,0.2,1.0,0.5629,1670195.5304308473,-0.437138127434851,236.2554122937952
combined_cube.fits[0],none,20,log,10,1.2,0.5,1.0,0.2,5.0,0.2,2.0,0.5859,1500467.229630079,-0.1481321666610178,208.0058856218513
combined_cube.fits[0],none,20,log,10,1.2,0.5,1.0,0.2,5.0,0.2,3.0,0.5836,1534440.841212348,0.014764723442791,194.85696554145753
combined_cube.fits[0],none,20,log,10,1.2,0.5,2.0,0.1,1.0,0.1,2.0,0.3664,5085956.109166471,-2.971025754934868,492.85265254707946
combined_cube.fits[0],none,20,log,10,1.2,0.5,2.0,0.1,1.0,0.2,1.0,0.3073,8764424.647069061,-13.319738947765288,1217.9877287639135
combined_cube.fits[0],none,20,log,10,1.2,0.5,2.0,0.1,1.0,0.2,3.0,0.4605,3127109.669220707,-0.6347756216282643,297.05645157141936
combined_cube.fits[0],none,20,log,10,1.2,0.5,2.0,0.1,2.0,0.1,1.0,0.3936,4125198.405504377,-2.666581064188079,444.3903225159749
combined_cube.fits[0],none,20,log,10,1.2,0.5,2.0,0.1,2.0,0.1,2.0,0.4354,3565428.198687109,-0.990194239645854,338.0406736859269
combined_cube.fits[0],none,20,log,10,1.2,0.5,2.0,0.1,2.0,0.1,3.0,0.4296,3476282.5296285674,-1.3522628593808963,355.58964628231934
combined_cube.fits[0],none,20,log,10,1.2,0.5,2.0,0.1,2.0,0.2,1.0,0.3818,4491740.782603,-2.8716931812321445,465.808082068936
combined_cube.fits[0],none,20,log,10,1.2,0.5,2.0,0.1,2.0,0.2,2.0,0.4267,3573579.225721092,-1.3238400972329758,358.77574874067153
combined_cube.fits[0],none,20,log,10,1.2,0.5,2.0,0.1,2.0,0.2,3.0,0.424,3625612.3500951454,-1.367438138266406,363.18686485986734
combined_cube.fits[0],none,20,log,10,1.2,0.5,2.0,0.1,5.0,0.1,1.0,0.5437,1814551.118403777,-0.8182831983573455,272.39230466363153
combined_cube.fits[0],none,20,log,10,1.2,0.5,2.0,0.1,5.0,0.1,2.0,0.5558,1788644.1297878914,-0.03867648677239179,203.54947390469516
combined_cube.fits[0],none,20,log,10,1.2,0.5,2.0,0.1,5.0,0.1,3.0,0.5579,1745646.2126601725,-0.20589949251064538,216.72570532913326
combined_cube.fits[0],none,20,log,10,1.2,0.5,2.0,0.1,5.0,0.2,1.0,0.518,2075585.952665595,-0.8885007712408266,282.4160115718889
combined_cube.fits[0],none,20,log,10,1.2,0.5,2.0,0.1,5.0,0.2,2.0,0.6236,1255064.2994562835,0.18793723947156915,177.74022557898485
combined_cube.fits[0],none,20,log,10,1.2,0.5,2.0,0.1,5.0,0.2,3.0,0.3487,5843473.830365329,-3.799529087403695,548.7376216814267
combined_cube.fits[0],none,20,log,10,1.2,0.5,2.0,0.2,1.0,0.1,1.0,0.7056,819011.7352249016,0.2662945305218571,166.712875755357
combined_cube.fits[0],none,20,log,10,1.2,0.5,2.0,0.2,1.0,0.1,2.0,0.3168,7933718.0961171305,-9.025845875846551,891.8825161973894
combined_cube.fits[0],none,20,log,10,1.2,0.5,2.0,0.2,1.0,0.1,3.0,0.3779,4730706.792724505,-2.4045574787132655,459.70673882425575
combined_cube.fits[0],none,20,log,10,1.2,0.5,2.0,0.2,1.0,0.2,1.0,0.366,5085785.272939029,-3.097162425470527,496.85728977716906
combined_cube.fits[0],none,20,log,10,1.2,0.5,2.0,0.2,1.0,0.2,2.0,0.4247,3615199.225056256,-1.3531925807842196,362.09629055935784
combined_cube.fits[0],none,20,log,10,1.2,0.5,2.0,0.2,1.0,0.2,3.0,0.9827,164055.39454977936,0.45768327533277453,159.77017752515218
combined_cube.fits[0],none,20,log,10,1.2,0.5,2.0,0.2,2.0,0.1,1.0,0.4409,3379690.9856578754,-1.0121088075865181,331.15188829397295
combined_cube.fits[0],none,20,log,10,1.2,0.5,2.0,0.2,2.0,0.1,2.0,0.4285,3517225.537564806,-1.3332478925365874,356.48410820186757
combined_cube.fits[0],none,20,log,10,1.2,0.5,2.0,0.2,2.0,0.1,3.0,0.8466,398500.5417558521,0.6636513337542194,151.9825369630194
combined_cube.fits[0],none,20,log,10,1.2,0.5,2.0,0.2,2.0,0.2,1.0,0.347,5828484.406199661,-6.748376421064927,725.4853848265141
combined_cube.fits[0],none,20,log,10,1.2,0.5,2.0,0.2,2.0,0.2,2.0,0.4186,3701464.4027962433,-1.511191735250185,373.0060191861028
combined_cube.fits[0],none,20,log,10,1.2,0.5,2.0,0.2,2.0,0.2,3.0,0.427,3594455.234852539,-1.280886969283138,358.00866762883317
combined_cube.fits[0],none,20,log,10,1.2,0.5,2.0,0.2,5.0,0.1,1.0,0.4874,2411174.691750793,-1.2254390984364527,314.09758482722407
combined_cube.fits[0],none,20,log,10,1.2,0.5,2.0,0.2,5.0,0.1,2.0,0.5429,1891534.1875928412,-0.2606308559163998,224.22044538015805
combined_cube.fits[0],none,20,log,10,1.2,0.5,2.0,0.2,5.0,0.1,3.0,0.7314,715174.9467700374,0.3083640745489734,163.7448035918444
combined_cube.fits[0],none,20,log,10,1.2,0.5,2.0,0.2,5.0,0.2,1.0,0.968,148492.4000463977,0.7062383238621245,141.36472459571516
combined_cube.fits[0],none,20,log,10,1.2,0.5,2.0,0.2,5.0,0.2,3.0,0.599,1424654.5277436217,0.11135141170582812,185.63257531597796
combined_cube.fits[0],none,20,log,10,1.2,0.5,3.0,0.1,1.0,0.1,1.0,0.3208,7564510.217438344,-9.99082953972113,963.9070328491756
combined_cube.fits[0],none,20,log,10,1.2,0.5,3.0,0.1,1.0,0.1,2.0,0.3549,5536302.157069347,-3.6631936773893,533.2982472814411
combined_cube.fits[0],none,20,log,10,1.2,0.5,3.0,0.1,1.0,0.1,3.0,0.4285,3646714.580370056,-1.161880006157978,353.9705882952932
combined_cube.fits[0],none,20,log,10,1.2,0.5,3.0,0.1,1.0,0.2,1.0,0.3161,7990740.153936335,-9.67685435861991,938.2440678615882
combined_cube.fits[0],none,20,log,10,1.2,0.5,3.0,0.1,1.0,0.2,3.0,0.336,6526580.678557912,-5.374670826711419,641.3988087187555
combined_cube.fits[0],none,20,log,10,1.2,0.5,3.0,0.1,2.0,0.1,1.0,0.3906,4237501.2589868065,-2.57454003944236,443.73926530965235
combined_cube.fits[0],none,20,log,10,1.2,0.5,3.0,0.1,2.0,0.1,2.0,0.5106,2261288.7222139924,-0.39244259672204707,242.7726747719889
combined_cube.fits[0],none,20,log,10,1.2,0.5,3.0,0.1,2.0,0.1,3.0,0.4642,2948208.4566407213,-0.7499991972127962,293.3453545818176
combined_cube.fits[0],none,20,log,10,1.2,0.5,3.0,0.1,2.0,0.2,1.0,0.38,4543986.200819794,-2.9738100668824563,471.8239125317413
combined_cube.fits[0],none,20,log,10,1.2,0.5,3.0,0.1,2.0,0.2,2.0,0.5638,1696075.5239571799,-0.1445207057718256,210.55062415180282
combined_cube.fits[0],none,20,log,10,1.2,0.5,3.0,0.1,2.0,0.2,3.0,0.4415,3373138.8279698226,-0.9951121258513467,329.5874127719811
combined_cube.fits[0],none,20,log,10,1.2,0.5,3.0,0.1,5.0,0.1,1.0,0.6704,983152.6356824876,0.24161642776091863,169.49680996674735
combined_cube.fits[0],none,20,log,10,1.2,0.5,3.0,0.1,5.0,0.1,2.0,0.5046,2283510.2998686275,-0.6707467955579647,268.9701866467417
combined_cube.fits[0],none,20,log,10,1.2,0.5,3.0,0.1,5.0,0.1,3.0,0.5548,1783140.0099957965,-0.14924635570086767,212.4667918169875
combined_cube.fits[0],none,20,log,10,1.2,0.5,3.0,0.1,5.0,0.2,1.0,0.6548,1059318.564221097,-0.33254850903607514,218.977412860701
combined_cube.fits[0],none,20,log,10,1.2,0.5,3.0,0.1,5.0,0.2,2.0,0.4666,2927830.43117712,-0.6801404503906247,286.1576169788516
combined_cube.fits[0],none,20,log,10,1.2,0.5,3.0,0.1,5.0,0.2,3.0,0.5573,1743276.3080351735,-0.268583859300541,222.00511232443833
combined_cube.fits[0],none,20,log,10,1.2,0.5,3.0,0.2,1.0,0.1,1.0,0.3384,6383017.95236383,-5.2101960417473245,629.317264277957
combined_cube.fits[0],none,20,log,10,1.2,0.5,3.0,0.2,1.0,0.1,2.0,0.3818,4610248.335395512,-2.3009497507959207,450.56583353923173
combined_cube.fits[0],none,20,log,10,1.2,0.5,3.0,0.2,1.0,0.1,3.0,0.4004,4161965.908367701,-1.751155980897608,407.41373215859596
combined_cube.fits[0],none,20,log,10,1.2,0.5,3.0,0.2,1.0,0.2,1.0,0.4477,3337091.453360584,-0.8099339283699944,314.7426944880319
combined_cube.fits[0],none,20,log,10,1.2,0.5,3.0,0.2,1.0,0.2,2.0,0.3644,5159090.945569795,-3.05202803134008,498.33468146674096
combined_cube.fits[0],none,20,log,10,1.2,0.5,3.0,0.2,1.0,0.2,3.0,0.3709,4949708.3864656845,-2.652115751716777,477.49695800114745
combined_cube.fits[0],none,20,log,10,1.2,0.5,3.0,0.2,2.0,0.1,1.0,0.3465,5906520.6735344315,-5.275570113243681,625.450338551198
combined_cube.fits[0],none,20,log,10,1.2,0.5,3.0,0.2,2.0,0.1,2.0,0.4378,3329277.157815143,-1.2246975341206638,343.0097792614368
combined_cube.fits[0],none,20,log,10,1.2,0.5,3.0,0.2,2.0,0.1,3.0,0.4381,3410180.313930892,-1.0825022829069528,338.0357073824796
combined_cube.fits[0],none,20,log,10,1.2,0.5,3.0,0.2,2.0,0.2,1.0,0.3962,4195230.052230262,-1.9923286201226638,417.8058750375356
combined_cube.fits[0],none,20,log,10,1.2,0.5,3.0,0.2,2.0,0.2,2.0,0.4553,2904346.1456932393,-1.3582126948557276,335.4505518000665
combined_cube.fits[0],none,20,log,10,1.2,0.5,3.0,0.2,2.0,0.2,3.0,0.4363,3508673.352037067,-1.023894647132183,337.4855816041576
combined_cube.fits[0],none,20,log,10,1.2,0.5,3.0,0.2,5.0,0.1,1.0,0.5257,2017420.422061799,-0.6898781006787118,264.7137351873639
combined_cube.fits[0],none,20,log,10,1.2,0.5,3.0,0.2,5.0,0.1,2.0,0.616,1337771.30400817,0.2529356548415657,183.6608432039434
combined_cube.fits[0],none,20,log,10,1.2,0.5,3.0,0.2,5.0,0.1,3.0,0.5242,2102835.0372516387,-0.2913795156501821,230.67561115940734
combined_cube.fits[0],none,20,log,10,1.2,0.5,3.0,0.2,5.0,0.2,1.0,0.5304,1954525.352805959,-0.7666212621446002,270.15504323338405
combined_cube.fits[0],none,20,log,10,1.2,0.5,3.0,0.2,5.0,0.2,2.0,0.5837,1522697.2964029398,-0.14414254699636886,207.67870627977703
combined_cube.fits[0],none,20,log,10,1.2,0.5,3.0,0.2,5.0,0.2,3.0,0.6343,1171829.7613033988,-0.21202476081192798,209.62464033832492
combined_cube.fits[0],none,20,log,10,1.2,0.8,1.0,0.1,1.0,0.1,1.0,0.2733,11962737.651853861,-33.214911447062754,3083.4303211917513
combined_cube.fits[0],none,20,log,10,1.2,0.8,1.0,0.1,1.0,0.1,2.0,0.3441,6087696.615230768,-4.397078849520168,579.1707905717128
combined_cube.fits[0],none,20,log,10,1.2,0.8,1.0,0.1,1.0,0.1,3.0,0.3293,6993965.413328218,-6.282690888984412,700.6181319732266
combined_cube.fits[0],none,20,log,10,1.2,0.8,1.0,0.1,1.0,0.2,1.0,0.329,7009387.492830085,-6.962909374910409,742.2059703796178
combined_cube.fits[0],none,20,log,10,1.2,0.8,1.0,0.1,1.0,0.2,2.0,0.4027,4154273.0030154358,-1.562153624211802,398.55011783702923
combined_cube.fits[0],none,20,log,10,1.2,0.8,1.0,0.1,1.0,0.2,3.0,0.3997,4163823.728749885,-1.7173499357975965,403.2606215153043
combined_cube.fits[0],none,20,log,10,1.2,0.8,1.0,0.1,2.0,0.1,1.0,0.3738,4892481.926309621,-2.3479014184001916,460.25842739854113
combined_cube.fits[0],none,20,log,10,1.2,0.8,1.0,0.1,2.0,0.1,2.0,0.4389,3297471.0619686847,-1.1438673021629882,334.62738028292614
combined_cube.fits[0],none,20,log,10,1.2,0.8,1.0,0.1,2.0,0.1,3.0,0.4282,3566088.121075332,-1.1874250700296525,349.4049590391269
combined_cube.fits[0],none,20,log,10,1.2,0.8,1.0,0.1,2.0,0.2,1.0,0.3791,4589639.099791246,-2.917206204507811,468.93379160320444
combined_cube.fits[0],none,20,log,10,1.2,0.8,1.0,0.1,2.0,0.2,2.0,0.4538,2973745.9067266434,-1.1230297285218054,321.14797258720324
combined_cube.fits[0],none,20,log,10,1.2,0.8,1.0,0.1,2.0,0.2,3.0,0.4817,2672496.0492836735,-0.4856544138426197,262.151629922141
combined_cube.fits[0],none,20,log,10,1.2,0.8,1.0,0.1,5.0,0.1,1.0,0.4989,2393481.7411143538,-0.44438688662903386,251.0963533207181
combined_cube.fits[0],none,20,log,10,1.2,0.8,1.0,0.1,5.0,0.1,2.0,0.6503,1079286.686970474,0.22367385279774785,172.19953491572545
combined_cube.fits[0],none,20,log,10,1.2,0.8,1.0,0.1,5.0,0.1,3.0,0.4553,3207994.2378454544,-0.6745050880739314,302.9899601537553
combined_cube.fits[0],none,20,log,10,1.2,0.8,1.0,0.1,5.0,0.2,1.0,0.6793,926716.9290230611,0.08615075091165109,181.57716869086542
combined_cube.fits[0],none,20,log,10,1.2,0.8,1.0,0.1,5.0,0.2,3.0,0.7136,788546.4493162954,0.4564063233459323,157.82205434798638
combined_cube.fits[0],none,20,log,10,1.2,0.8,1.0,0.2,1.0,0.1,1.0,0.3979,4145842.5521385665,-1.889268396258019,407.4557631182552
combined_cube.fits[0],none,20,log,10,1.2,0.8,1.0,0.2,1.0,0.1,2.0,0.3625,5246400.880299664,-3.0823547068724304,499.29604393706023
combined_cube.fits[0],none,20,log,10,1.2,0.8,1.0,0.2,1.0,0.1,3.0,0.3802,4672333.778602748,-2.234986774066727,446.81985741725646
combined_cube.fits[0],none,20,log,10,1.2,0.8,1.0,0.2,1.0,0.2,1.0,0.371,4860817.958218225,-3.3173767032454906,494.7989118753099
combined_cube.fits[0],none,20,log,10,1.2,0.8,1.0,0.2,1.0,0.2,2.0,0.3687,5017694.267973701,-2.77788040518825,480.1627899838538
combined_cube.fits[0],none,20,log,10,1.2,0.8,1.0,0.2,1.0,0.2,3.0,0.3968,4242112.978037292,-1.7619094523729222,409.13403379585714
combined_cube.fits[0],none,20,log,10,1.2,0.8,1.0,0.2,2.0,0.1,1.0,0.3978,4067214.3630178347,-2.198438673523929,416.1592478039043
combined_cube.fits[0],none,20,log,10,1.2,0.8,1.0,0.2,2.0,0.1,2.0,0.9827,132975.15381693884,0.6451770242333291,144.3570211786468
combined_cube.fits[0],none,20,log,10,1.2,0.8,1.0,0.2,2.0,0.1,3.0,0.4459,3257866.257904277,-0.9048237828237587,316.7148475528731
combined_cube.fits[0],none,20,log,10,1.2,0.8,1.0,0.2,2.0,0.2,1.0,0.3786,4606580.294871479,-2.9149329242574398,469.4390670793789
combined_cube.fits[0],none,20,log,10,1.2,0.8,1.0,0.2,2.0,0.2,2.0,0.4448,3187020.882209858,-1.0756300015925098,326.0189280457005
combined_cube.fits[0],none,20,log,10,1.2,0.8,1.0,0.2,2.0,0.2,3.0,0.4659,2957525.323615145,-0.5932714953983089,280.8262599950595
combined_cube.fits[0],none,20,log,10,1.2,0.8,1.0,0.2,5.0,0.1,1.0,0.627,1203715.4899639168,-0.11267173162843001,201.65510332527427
combined_cube.fits[0],none,20,log,10,1.2,0.8,1.0,0.2,5.0,0.1,3.0,0.8842,282530.9121285367,0.5863164891780493,146.18604910971655
combined_cube.fits[0],none,20,log,10,1.2,0.8,1.0,0.2,5.0,0.2,1.0,0.4519,2870390.2822665167,-1.757417659086306,359.68483620207394
combined_cube.fits[0],none,20,log,10,1.2,0.8,1.0,0.2,5.0,0.2,2.0,0.5905,1455139.2722630568,-0.1040576293763247,203.94438341825125
combined_cube.fits[0],none,20,log,10,1.2,0.8,1.0,0.2,5.0,0.2,3.0,0.429,3504460.253999248,-1.2425874942145432,348.9735659654794
combined_cube.fits[0],none,20,log,10,1.2,0.8,2.0,0.1,1.0,0.1,1.0,0.3687,4964144.667500174,-3.2399205417974923,494.14067429394925
combined_cube.fits[0],none,20,log,10,1.2,0.8,2.0,0.1,1.0,0.1,2.0,0.3703,4978072.429077581,-2.637855871551652,473.3401686712942
combined_cube.fits[0],none,20,log,10,1.2,0.8,2.0,0.1,1.0,0.2,1.0,0.3243,7357531.387352774,-7.717550548693371,795.2680286989654
combined_cube.fits[0],none,20,log,10,1.2,0.8,2.0,0.1,1.0,0.2,2.0,0.4095,3964308.6312648845,-1.4835295947409266,383.3395325564312
combined_cube.fits[0],none,20,log,10,1.2,0.8,2.0,0.1,1.0,0.2,3.0,0.4355,3444789.1045878697,-1.057045352810457,335.39259772981734
combined_cube.fits[0],none,20,log,10,1.2,0.8,2.0,0.1,2.0,0.1,2.0,0.3861,4522016.419784825,-2.017570523355727,432.1274902181537
combined_cube.fits[0],none,20,log,10,1.2,0.8,2.0,0.1,2.0,0.1,3.0,0.6464,1111281.9890077822,0.2864794564053792,169.988931981978
combined_cube.fits[0],none,20,log,10,1.2,0.8,2.0,0.1,2.0,0.2,1.0,0.4734,2467805.9150736895,-3.034255275389324,437.8481443093606
combined_cube.fits[0],none,20,log,10,1.2,0.8,2.0,0.1,2.0,0.2,2.0,0.4146,3754846.662436005,-1.5714917868204474,375.61798771174773
combined_cube.fits[0],none,20,log,10,1.2,0.8,2.0,0.1,5.0,0.1,1.0,0.6131,1290345.983905609,-0.21866456445881022,211.55795866522007
combined_cube.fits[0],none,20,log,10,1.2,0.8,2.0,0.1,5.0,0.1,2.0,0.4869,2440763.3425175077,-0.9999159869450145,297.3986636683694
combined_cube.fits[0],none,20,log,10,1.2,0.8,2.0,0.1,5.0,0.1,3.0,0.5602,1723564.4688487798,-0.06880413795420896,204.93576295363872
combined_cube.fits[0],none,20,log,10,1.2,0.8,2.0,0.1,5.0,0.2,1.0,0.4977,2280929.0641549435,-1.0546747219813857,298.27724801397426
combined_cube.fits[0],none,20,log,10,1.2,0.8,2.0,0.1,5.0,0.2,2.0,0.6432,1110789.2043644984,-0.20396516463713046,208.28616501311998
combined_cube.fits[0],none,20,log,10,1.2,0.8,2.0,0.2,1.0,0.1,1.0,0.3167,7961173.495665364,-9.868155845982049,951.9189097092324
combined_cube.fits[0],none,20,log,10,1.2,0.8,2.0,0.2,1.0,0.1,2.0,0.3491,5769355.733913821,-5.6541249004558765,648.8148629484051
combined_cube.fits[0],none,20,log,10,1.2,0.8,2.0,0.2,1.0,0.1,3.0,0.3386,6405202.171744868,-4.8867256423314975,610.7069551991884
combined_cube.fits[0],none,20,log,10,1.2,0.8,2.0,0.2,1.0,0.2,1.0,0.3188,7791425.563303651,-8.836578505946783,876.6301072550038
combined_cube.fits[0],none,20,log,10,1.2,0.8,2.0,0.2,1.0,0.2,2.0,0.369,5031286.091251228,-2.628193673648223,475.1892333987474
combined_cube.fits[0],none,20,log,10,1.2,0.8,2.0,0.2,1.0,0.2,3.0,0.3914,4368450.063307908,-1.9170039969818817,420.3407180639666
combined_cube.fits[0],none,20,log,10,1.2,0.8,2.0,0.2,2.0,0.1,1.0,0.3808,4533821.062057795,-2.8819739759024188,465.2349411817444
combined_cube.fits[0],none,20,log,10,1.2,0.8,2.0,0.2,2.0,0.1,2.0,0.4254,3552841.1791164353,-1.3431417380104895,355.96318987644594
combined_cube.fits[0],none,20,log,10,1.2,0.8,2.0,0.2,2.0,0.1,3.0,0.4455,3323219.133328693,-0.8308565533281195,313.4144545075012
combined_cube.fits[0],none,20,log,10,1.2,0.8,2.0,0.2,2.0,0.2,1.0,0.4004,3898631.8192167385,-2.926393671104719,452.559403087211
combined_cube.fits[0],none,20,log,10,1.2,0.8,2.0,0.2,2.0,0.2,2.0,0.7071,821593.5073146179,-0.29997044154774416,215.28797648622526
combined_cube.fits[0],none,20,log,10,1.2,0.8,2.0,0.2,2.0,0.2,3.0,0.4664,2867359.706909843,-0.7419082633494174,289.7780369300896
combined_cube.fits[0],none,20,log,10,1.2,0.8,2.0,0.2,5.0,0.1,1.0,0.5669,1608345.8973007994,-0.632119458469459,252.6934568729966
combined_cube.fits[0],none,20,log,10,1.2,0.8,2.0,0.2,5.0,0.1,2.0,0.6338,1175273.6331114832,0.15312688411892236,178.73444225613733
combined_cube.fits[0],none,20,log,10,1.2,0.8,2.0,0.2,5.0,0.1,3.0,0.5205,2131842.335592569,-0.2803010394721947,230.73468761745204
combined_cube.fits[0],none,20,log,10,1.2,0.8,2.0,0.2,5.0,0.2,1.0,0.7435,664876.1498427731,0.3390999237709468,161.61482569793017
combined_cube.fits[0],none,20,log,10,1.2,0.8,2.0,0.2,5.0,0.2,3.0,0.5796,1554137.631967511,-0.01193326427300383,197.32220856890356
combined_cube.fits[0],none,20,log,10,1.2,0.8,3.0,0.1,1.0,0.1,1.0,0.3233,7426490.433193728,-8.04265457784461,817.8889990234685
combined_cube.fits[0],none,20,log,10,1.2,0.8,3.0,0.1,1.0,0.1,2.0,0.4247,3656703.9413754283,-1.2162718806052544,355.07879159134364
combined_cube.fits[0],none,20,log,10,1.2,0.8,3.0,0.1,1.0,0.1,3.0,0.3938,4307786.023358181,-1.8526476580293985,414.9481560047107
combined_cube.fits[0],none,20,log,10,1.2,0.8,3.0,0.1,1.0,0.2,1.0,0.3879,4390611.840552896,-2.2308091967106978,431.22442924111505
combined_cube.fits[0],none,20,log,10,1.2,0.8,3.0,0.1,1.0,0.2,2.0,0.3663,5108252.961599713,-2.8753192183710516,486.6440093029057
combined_cube.fits[0],none,20,log,10,1.2,0.8,3.0,0.1,1.0,0.2,3.0,0.4011,4149575.8345171018,-1.6609820029618974,400.70524552336445
combined_cube.fits[0],none,20,log,10,1.2,0.8,3.0,0.1,2.0,0.1,1.0,0.3232,7391091.156237122,-9.827006392655269,952.8727498656272
combined_cube.fits[0],none,20,log,10,1.2,0.8,3.0,0.1,2.0,0.1,2.0,0.417,3706064.88443744,-1.5200708344322351,371.2242627819879
combined_cube.fits[0],none,20,log,10,1.2,0.8,3.0,0.1,2.0,0.1,3.0,0.4661,2931818.0804727906,-0.6191516576948117,280.60950898038334
combined_cube.fits[0],none,20,log,10,1.2,0.8,3.0,0.1,2.0,0.2,1.0,0.3716,4834984.327875478,-3.3604318297628057,495.9476489604784
combined_cube.fits[0],none,20,log,10,1.2,0.8,3.0,0.1,2.0,0.2,2.0,0.455,3048946.21651713,-0.8827650682003467,307.220925343729
combined_cube.fits[0],none,20,log,10,1.2,0.8,3.0,0.1,5.0,0.1,1.0,0.5327,1886165.8386870518,-1.0293636020868933,290.15749484117026
combined_cube.fits[0],none,20,log,10,1.2,0.8,3.0,0.1,5.0,0.1,2.0,0.5536,1727627.7793661477,-0.5921158110636502,250.80927637862288
combined_cube.fits[0],none,20,log,10,1.2,0.8,3.0,0.1,5.0,0.1,3.0,0.5814,1552348.6846752232,0.08313607446685721,190.15971147581865
combined_cube.fits[0],none,20,log,10,1.2,0.8,3.0,0.1,5.0,0.2,2.0,0.7289,719164.4873051671,0.2776781781622449,165.86374535073702
combined_cube.fits[0],none,20,log,10,1.2,0.8,3.0,0.1,5.0,0.2,3.0,0.5505,1819267.314986127,-0.08742453288622415,208.37080453409487
combined_cube.fits[0],none,20,log,10,1.2,0.8,3.0,0.2,1.0,0.1,1.0,0.3491,5804077.948488146,-4.730522391621818,590.1458408142203
combined_cube.fits[0],none,20,log,10,1.2,0.8,3.0,0.2,1.0,0.1,2.0,0.3767,4773583.438299232,-2.3717808454417524,455.25823191137016
combined_cube.fits[0],none,20,log,10,1.2,0.8,3.0,0.2,1.0,0.1,3.0,0.387,4467617.595662162,-2.077172238080963,430.71608448486637
combined_cube.fits[0],none,20,log,10,1.2,0.8,3.0,0.2,1.0,0.2,1.0,0.3385,6400529.861992734,-5.441535739272927,641.5867888864708
combined_cube.fits[0],none,20,log,10,1.2,0.8,3.0,0.2,2.0,0.1,1.0,0.348,5860353.312311213,-4.77928108325689,593.9819467138187
combined_cube.fits[0],none,20,log,10,1.2,0.8,3.0,0.2,2.0,0.1,2.0,0.4529,3115195.3812829787,-0.8492038403467249,306.6130480560014
combined_cube.fits[0],none,20,log,10,1.2,0.8,3.0,0.2,2.0,0.2,1.0,0.3653,5065703.221060615,-3.8484430321141367,526.8602917412405
combined_cube.fits[0],none,20,log,10,1.2,0.8,3.0,0.2,2.0,0.2,2.0,0.475,2791768.2442775676,-0.5265958179679154,269.4122223398589
combined_cube.fits[0],none,20,log,10,1.2,0.8,3.0,0.2,2.0,0.2,3.0,0.4421,3431912.764376038,-0.841692500192746,320.18719739243875
combined_cube.fits[0],none,20,log,10,1.2,0.8,3.0,0.2,5.0,0.1,3.0,0.5795,1565063.4547133434,0.06298485882622115,191.55319906281034
combined_cube.fits[0],none,20,log,10,1.2,0.8,3.0,0.2,5.0,0.2,1.0,0.5242,1992847.6335300915,-0.8548518939152434,277.6902561105953
combined_cube.fits[0],none,20,log,10,1.2,0.8,3.0,0.2,5.0,0.2,2.0,0.5405,1885850.0910267767,-0.3454773519235374,231.81208690512153
combined_cube.fits[0],none,20,log,10,1.2,0.8,3.0,0.2,5.0,0.2,3.0,0.6662,1004375.0246946588,0.3373362438435267,165.43883342051976
combined_cube.fits[0],none,20,log,10,1.5,0.1,1.0,0.1,1.0,0.1,1.0,0.3429,6749481.290130229,-5.723190873133928,664.1176029308084
combined_cube.fits[0],none,20,log,10,1.5,0.1,1.0,0.1,1.0,0.1,3.0,0.4049,4408905.107825688,-1.490267086651381,388.04730594448245
